ts_iso,day,event,session_id,profile,strategy_ver,symbol,side,reason,order_id,client_id,position_id,price,qty,notional,mark,entry,exit,upnl,roe,realized,fee,fee_cum,funding_cum,wallet,equity,avail,leverage,margin,sl,tp,liq,score_total,score.rsi,score.adx,score.atr,score.ema,score.ichimoku,score.kama,score.vwap,score.cci,score.obv,score.corr,score.mtf,ind.rsi,ind.adx,ind.atr,ind.ema50,ind.ema200,ind.kijun,ind.tenkan,ind.senkouA,ind.senkouB,ind.kama,ind.vwap,ind.cci,ind.obv,mtf.h1.boost,mtf.h4.boost,mtf.d1.boost,trend_state,risk.tier,risk.leverage,risk.max_loss,risk.daily_cut,risk.bracket_r,risk.size_pct,route.slippage,route.post_only,route.reduce_only,route.type,data_feed,trade_mode,divergence_bps,analysis.tfs,analysis.confidence,rule.entry_th,rule.exit_th,rule.cooldown_left,rule.allowed,plan.lev,plan.size_pct,plan.sl,plan.tp,elapsed_sec
2025-08-27T10:43:58+00:00,2025-08-27,COMMISSION_FEE,S20250827-27024,,,BTCUSDT,,poll,,,,,,,,,,,,,-1.0644672,,,,,,,,,,,,,,,,,,,,,,,,,,,,,,,,,,,,,,,,,,,,,,,,,,,,,,,,,,,,,,,
2025-08-27T10:43:58+00:00,2025-08-27,FUNDING_FEE,S20250827-27024,,,BTCUSDT,,poll,,,,,,,,,,,,,,,-0.26565119,,,,,,,,,,,,,,,,,,,,,,,,,,,,,,,,,,,,,,,,,,,,,,,,,,,,,,,,,,,,,
2025-08-27T10:43:58+00:00,2025-08-27,COMMISSION_FEE,S20250827-27024,,,BTCUSDT,,poll,,,,,,,,,,,,,-0.04442484,,,,,,,,,,,,,,,,,,,,,,,,,,,,,,,,,,,,,,,,,,,,,,,,,,,,,,,,,,,,,,,
2025-08-27T10:43:58+00:00,2025-08-27,COMMISSION_FEE,S20250827-27024,,,BTCUSDT,,poll,,,,,,,,,,,,,-0.04442444,,,,,,,,,,,,,,,,,,,,,,,,,,,,,,,,,,,,,,,,,,,,,,,,,,,,,,,,,,,,,,,
2025-08-27T10:43:58+00:00,2025-08-27,COMMISSION_FEE,S20250827-27024,,,BTCUSDT,,poll,,,,,,,,,,,,,-0.04442444,,,,,,,,,,,,,,,,,,,,,,,,,,,,,,,,,,,,,,,,,,,,,,,,,,,,,,,,,,,,,,,
2025-08-27T10:43:58+00:00,2025-08-27,COMMISSION_FEE,S20250827-27024,,,BTCUSDT,,poll,,,,,,,,,,,,,-0.04442188,,,,,,,,,,,,,,,,,,,,,,,,,,,,,,,,,,,,,,,,,,,,,,,,,,,,,,,,,,,,,,,
2025-08-27T10:43:58+00:00,2025-08-27,COMMISSION_FEE,S20250827-27024,,,BTCUSDT,,poll,,,,,,,,,,,,,-0.04441808,,,,,,,,,,,,,,,,,,,,,,,,,,,,,,,,,,,,,,,,,,,,,,,,,,,,,,,,,,,,,,,
2025-08-27T10:43:58+00:00,2025-08-27,COMMISSION_FEE,S20250827-27024,,,BTCUSDT,,poll,,,,,,,,,,,,,-0.04441584,,,,,,,,,,,,,,,,,,,,,,,,,,,,,,,,,,,,,,,,,,,,,,,,,,,,,,,,,,,,,,,
2025-08-27T10:43:58+00:00,2025-08-27,COMMISSION_FEE,S20250827-27024,,,BTCUSDT,,poll,,,,,,,,,,,,,-0.7992756,,,,,,,,,,,,,,,,,,,,,,,,,,,,,,,,,,,,,,,,,,,,,,,,,,,,,,,,,,,,,,,
2025-08-27T10:43:58+00:00,2025-08-27,TRADE_INTENT_NEW,S20250827-27024,,,BTCUSDT,,,,,,,,,,,,,,,,,,,,,,,,,,,,,,,,,,,,,,,,,,,,,,,,,,,,,,,,,,,,,,,,,,,,,,,,,,,,,,
2025-08-27T10:43:58+00:00,2025-08-27,ANALYSIS_SNAPSHOT,S20250827-27024,,,BTCUSDT,,,,,,,,,,,,,,,,,,,,,,,,,,0.0,,,,,,,,,,,,,,,,,,,,,,,,,,,,,,,,,,,,,,,live,testnet,0.0,"['1m', '5m', '1h']",0.0,,,,,,,,,
2025-08-27T10:43:58+00:00,2025-08-27,TRADE_INTENT_NEW,S20250827-27024,,,ETHUSDT,,,,,,,,,,,,,,,,,,,,,,,,,,,,,,,,,,,,,,,,,,,,,,,,,,,,,,,,,,,,,,,,,,,,,,,,,,,,,,
2025-08-27T10:43:58+00:00,2025-08-27,ANALYSIS_SNAPSHOT,S20250827-27024,,,ETHUSDT,,,,,,,,,,,,,,,,,,,,,,,,,,0.0,,,,,,,,,,,,,,,,,,,,,,,,,,,,,,,,,,,,,,,live,testnet,0.0,"['1m', '5m', '1h']",0.0,,,,,,,,,
2025-08-27T10:44:14+00:00,2025-08-27,TRADE_INTENT_CANCELLED,S20250827-27024,,,BTCUSDT,,,,,,,,,,,,,,,,,,,,,,,,,,,,,,,,,,,,,,,,,,,,,,,,,,,,,,,,,,,,,,,,,,,,,,,,,,,,,,
2025-08-27T10:44:14+00:00,2025-08-27,TRADE_INTENT_CANCELLED,S20250827-27024,,,ETHUSDT,,,,,,,,,,,,,,,,,,,,,,,,,,,,,,,,,,,,,,,,,,,,,,,,,,,,,,,,,,,,,,,,,,,,,,,,,,,,,,
2025-08-27T10:44:28+00:00,2025-08-27,TRADE_INTENT_NEW,S20250827-27024,,,BTCUSDT,,,,,,,,,,,,,,,,,,,,,,,,,,,,,,,,,,,,,,,,,,,,,,,,,,,,,,,,,,,,,,,,,,,,,,,,,,,,,,
2025-08-27T10:44:28+00:00,2025-08-27,ANALYSIS_SNAPSHOT,S20250827-27024,,,BTCUSDT,,,,,,,,,,,,,,,,,,,,,,,,,,0.0,,,,,,,,,,,,,,,,,,,,,,,,,,,,,,,,,,,,,,,live,testnet,0.0,"['1m', '5m', '1h']",0.0,,,,,,,,,
2025-08-27T10:44:28+00:00,2025-08-27,TRADE_INTENT_NEW,S20250827-27024,,,ETHUSDT,,,,,,,,,,,,,,,,,,,,,,,,,,,,,,,,,,,,,,,,,,,,,,,,,,,,,,,,,,,,,,,,,,,,,,,,,,,,,,
2025-08-27T10:44:28+00:00,2025-08-27,ANALYSIS_SNAPSHOT,S20250827-27024,,,ETHUSDT,,,,,,,,,,,,,,,,,,,,,,,,,,0.0,,,,,,,,,,,,,,,,,,,,,,,,,,,,,,,,,,,,,,,live,testnet,0.0,"['1m', '5m', '1h']",0.0,,,,,,,,,
2025-08-27T10:44:44+00:00,2025-08-27,TRADE_INTENT_CANCELLED,S20250827-27024,,,BTCUSDT,,,,,,,,,,,,,,,,,,,,,,,,,,,,,,,,,,,,,,,,,,,,,,,,,,,,,,,,,,,,,,,,,,,,,,,,,,,,,,
2025-08-27T10:44:44+00:00,2025-08-27,TRADE_INTENT_CANCELLED,S20250827-27024,,,ETHUSDT,,,,,,,,,,,,,,,,,,,,,,,,,,,,,,,,,,,,,,,,,,,,,,,,,,,,,,,,,,,,,,,,,,,,,,,,,,,,,,
2025-08-27T10:44:58+00:00,2025-08-27,TRADE_INTENT_NEW,S20250827-27024,,,BTCUSDT,,,,,,,,,,,,,,,,,,,,,,,,,,,,,,,,,,,,,,,,,,,,,,,,,,,,,,,,,,,,,,,,,,,,,,,,,,,,,,
2025-08-27T10:44:58+00:00,2025-08-27,ANALYSIS_SNAPSHOT,S20250827-27024,,,BTCUSDT,,,,,,,,,,,,,,,,,,,,,,,,,,0.0,,,,,,,,,,,,,,,,,,,,,,,,,,,,,,,,,,,,,,,live,testnet,0.679979424696646,"['1m', '5m', '1h']",0.0,,,,,,,,,
2025-08-27T10:44:58+00:00,2025-08-27,TRADE_INTENT_NEW,S20250827-27024,,,ETHUSDT,,,,,,,,,,,,,,,,,,,,,,,,,,,,,,,,,,,,,,,,,,,,,,,,,,,,,,,,,,,,,,,,,,,,,,,,,,,,,,
2025-08-27T10:44:58+00:00,2025-08-27,ANALYSIS_SNAPSHOT,S20250827-27024,,,ETHUSDT,,,,,,,,,,,,,,,,,,,,,,,,,,0.0,,,,,,,,,,,,,,,,,,,,,,,,,,,,,,,,,,,,,,,live,testnet,0.6158517129776517,"['1m', '5m', '1h']",0.0,,,,,,,,,
2025-08-27T10:45:14+00:00,2025-08-27,TRADE_INTENT_CANCELLED,S20250827-27024,,,BTCUSDT,,,,,,,,,,,,,,,,,,,,,,,,,,,,,,,,,,,,,,,,,,,,,,,,,,,,,,,,,,,,,,,,,,,,,,,,,,,,,,
2025-08-27T10:45:14+00:00,2025-08-27,TRADE_INTENT_CANCELLED,S20250827-27024,,,ETHUSDT,,,,,,,,,,,,,,,,,,,,,,,,,,,,,,,,,,,,,,,,,,,,,,,,,,,,,,,,,,,,,,,,,,,,,,,,,,,,,,
2025-08-27T10:47:39+00:00,2025-08-27,COMMISSION_FEE,S20250827-26256,,,BTCUSDT,,poll,,,,,,,,,,,,,-1.0644672,,,,,,,,,,,,,,,,,,,,,,,,,,,,,,,,,,,,,,,,,,,,,,,,,,,,,,,,,,,,,,,
2025-08-27T10:47:39+00:00,2025-08-27,FUNDING_FEE,S20250827-26256,,,BTCUSDT,,poll,,,,,,,,,,,,,,,-0.26565119,,,,,,,,,,,,,,,,,,,,,,,,,,,,,,,,,,,,,,,,,,,,,,,,,,,,,,,,,,,,,
2025-08-27T10:47:39+00:00,2025-08-27,COMMISSION_FEE,S20250827-26256,,,BTCUSDT,,poll,,,,,,,,,,,,,-0.04442484,,,,,,,,,,,,,,,,,,,,,,,,,,,,,,,,,,,,,,,,,,,,,,,,,,,,,,,,,,,,,,,
2025-08-27T10:47:39+00:00,2025-08-27,COMMISSION_FEE,S20250827-26256,,,BTCUSDT,,poll,,,,,,,,,,,,,-0.04442444,,,,,,,,,,,,,,,,,,,,,,,,,,,,,,,,,,,,,,,,,,,,,,,,,,,,,,,,,,,,,,,
2025-08-27T10:47:39+00:00,2025-08-27,COMMISSION_FEE,S20250827-26256,,,BTCUSDT,,poll,,,,,,,,,,,,,-0.04442444,,,,,,,,,,,,,,,,,,,,,,,,,,,,,,,,,,,,,,,,,,,,,,,,,,,,,,,,,,,,,,,
2025-08-27T10:47:39+00:00,2025-08-27,COMMISSION_FEE,S20250827-26256,,,BTCUSDT,,poll,,,,,,,,,,,,,-0.04442188,,,,,,,,,,,,,,,,,,,,,,,,,,,,,,,,,,,,,,,,,,,,,,,,,,,,,,,,,,,,,,,
2025-08-27T10:47:39+00:00,2025-08-27,COMMISSION_FEE,S20250827-26256,,,BTCUSDT,,poll,,,,,,,,,,,,,-0.04441808,,,,,,,,,,,,,,,,,,,,,,,,,,,,,,,,,,,,,,,,,,,,,,,,,,,,,,,,,,,,,,,
2025-08-27T10:47:39+00:00,2025-08-27,COMMISSION_FEE,S20250827-26256,,,BTCUSDT,,poll,,,,,,,,,,,,,-0.04441584,,,,,,,,,,,,,,,,,,,,,,,,,,,,,,,,,,,,,,,,,,,,,,,,,,,,,,,,,,,,,,,
2025-08-27T10:47:39+00:00,2025-08-27,COMMISSION_FEE,S20250827-26256,,,BTCUSDT,,poll,,,,,,,,,,,,,-0.7992756,,,,,,,,,,,,,,,,,,,,,,,,,,,,,,,,,,,,,,,,,,,,,,,,,,,,,,,,,,,,,,,
2025-08-27T10:47:39+00:00,2025-08-27,TRADE_INTENT_NEW,S20250827-26256,,,BTCUSDT,,,,,,,,,,,,,,,,,,,,,,,,,,,,,,,,,,,,,,,,,,,,,,,,,,,,,,,,,,,,,,,,,,,,,,,,,,,,,,
2025-08-27T10:47:39+00:00,2025-08-27,ANALYSIS_SNAPSHOT,S20250827-26256,,,BTCUSDT,,,,,,,,,,,,,,,,,,,,,,,,,,0.0,,,,,,,,,,,,,,,,,,,,,,,,,,,,,,,,,,,,,,,live,testnet,0.0,"['1m', '5m', '1h']",0.0,,,,,,,,,
2025-08-27T10:47:39+00:00,2025-08-27,TRADE_INTENT_NEW,S20250827-26256,,,ETHUSDT,,,,,,,,,,,,,,,,,,,,,,,,,,,,,,,,,,,,,,,,,,,,,,,,,,,,,,,,,,,,,,,,,,,,,,,,,,,,,,
2025-08-27T10:47:39+00:00,2025-08-27,ANALYSIS_SNAPSHOT,S20250827-26256,,,ETHUSDT,,,,,,,,,,,,,,,,,,,,,,,,,,0.0,,,,,,,,,,,,,,,,,,,,,,,,,,,,,,,,,,,,,,,live,testnet,0.0,"['1m', '5m', '1h']",0.0,,,,,,,,,
2025-08-27T10:47:55+00:00,2025-08-27,TRADE_INTENT_CANCELLED,S20250827-26256,,,BTCUSDT,,,,,,,,,,,,,,,,,,,,,,,,,,,,,,,,,,,,,,,,,,,,,,,,,,,,,,,,,,,,,,,,,,,,,,,,,,,,,,
2025-08-27T10:47:55+00:00,2025-08-27,TRADE_INTENT_CANCELLED,S20250827-26256,,,ETHUSDT,,,,,,,,,,,,,,,,,,,,,,,,,,,,,,,,,,,,,,,,,,,,,,,,,,,,,,,,,,,,,,,,,,,,,,,,,,,,,,
2025-08-27T10:48:09+00:00,2025-08-27,TRADE_INTENT_NEW,S20250827-26256,,,BTCUSDT,,,,,,,,,,,,,,,,,,,,,,,,,,,,,,,,,,,,,,,,,,,,,,,,,,,,,,,,,,,,,,,,,,,,,,,,,,,,,,
2025-08-27T10:48:09+00:00,2025-08-27,ANALYSIS_SNAPSHOT,S20250827-26256,,,BTCUSDT,,,,,,,,,,,,,,,,,,,,,,,,,,0.0,,,,,,,,,,,,,,,,,,,,,,,,,,,,,,,,,,,,,,,live,testnet,0.0,"['1m', '5m', '1h']",0.0,,,,,,,,,
2025-08-27T10:48:09+00:00,2025-08-27,TRADE_INTENT_NEW,S20250827-26256,,,ETHUSDT,,,,,,,,,,,,,,,,,,,,,,,,,,,,,,,,,,,,,,,,,,,,,,,,,,,,,,,,,,,,,,,,,,,,,,,,,,,,,,
2025-08-27T10:48:09+00:00,2025-08-27,ANALYSIS_SNAPSHOT,S20250827-26256,,,ETHUSDT,,,,,,,,,,,,,,,,,,,,,,,,,,0.0,,,,,,,,,,,,,,,,,,,,,,,,,,,,,,,,,,,,,,,live,testnet,0.0,"['1m', '5m', '1h']",0.0,,,,,,,,,
2025-08-27T10:48:25+00:00,2025-08-27,TRADE_INTENT_CANCELLED,S20250827-26256,,,BTCUSDT,,,,,,,,,,,,,,,,,,,,,,,,,,,,,,,,,,,,,,,,,,,,,,,,,,,,,,,,,,,,,,,,,,,,,,,,,,,,,,
2025-08-27T10:48:25+00:00,2025-08-27,TRADE_INTENT_CANCELLED,S20250827-26256,,,ETHUSDT,,,,,,,,,,,,,,,,,,,,,,,,,,,,,,,,,,,,,,,,,,,,,,,,,,,,,,,,,,,,,,,,,,,,,,,,,,,,,,
2025-08-27T10:48:39+00:00,2025-08-27,TRADE_INTENT_NEW,S20250827-26256,,,BTCUSDT,,,,,,,,,,,,,,,,,,,,,,,,,,,,,,,,,,,,,,,,,,,,,,,,,,,,,,,,,,,,,,,,,,,,,,,,,,,,,,
2025-08-27T10:48:39+00:00,2025-08-27,ANALYSIS_SNAPSHOT,S20250827-26256,,,BTCUSDT,,,,,,,,,,,,,,,,,,,,,,,,,,0.0,,,,,,,,,,,,,,,,,,,,,,,,,,,,,,,,,,,,,,,live,testnet,0.0,"['1m', '5m', '1h']",0.0,,,,,,,,,
2025-08-27T10:48:39+00:00,2025-08-27,TRADE_INTENT_NEW,S20250827-26256,,,ETHUSDT,,,,,,,,,,,,,,,,,,,,,,,,,,,,,,,,,,,,,,,,,,,,,,,,,,,,,,,,,,,,,,,,,,,,,,,,,,,,,,
2025-08-27T10:48:39+00:00,2025-08-27,ANALYSIS_SNAPSHOT,S20250827-26256,,,ETHUSDT,,,,,,,,,,,,,,,,,,,,,,,,,,0.0,,,,,,,,,,,,,,,,,,,,,,,,,,,,,,,,,,,,,,,live,testnet,0.4371010594282892,"['1m', '5m', '1h']",0.0,,,,,,,,,
2025-08-27T10:58:19+00:00,2025-08-27,COMMISSION_FEE,S20250827-29256,,,BTCUSDT,,poll,,,,,,,,,,,,,-1.0644672,,,,,,,,,,,,,,,,,,,,,,,,,,,,,,,,,,,,,,,,,,,,,,,,,,,,,,,,,,,,,,,
2025-08-27T10:58:19+00:00,2025-08-27,FUNDING_FEE,S20250827-29256,,,BTCUSDT,,poll,,,,,,,,,,,,,,,-0.26565119,,,,,,,,,,,,,,,,,,,,,,,,,,,,,,,,,,,,,,,,,,,,,,,,,,,,,,,,,,,,,
2025-08-27T10:58:19+00:00,2025-08-27,COMMISSION_FEE,S20250827-29256,,,BTCUSDT,,poll,,,,,,,,,,,,,-0.04442484,,,,,,,,,,,,,,,,,,,,,,,,,,,,,,,,,,,,,,,,,,,,,,,,,,,,,,,,,,,,,,,
2025-08-27T10:58:19+00:00,2025-08-27,COMMISSION_FEE,S20250827-29256,,,BTCUSDT,,poll,,,,,,,,,,,,,-0.04442444,,,,,,,,,,,,,,,,,,,,,,,,,,,,,,,,,,,,,,,,,,,,,,,,,,,,,,,,,,,,,,,
2025-08-27T10:58:19+00:00,2025-08-27,COMMISSION_FEE,S20250827-29256,,,BTCUSDT,,poll,,,,,,,,,,,,,-0.04442444,,,,,,,,,,,,,,,,,,,,,,,,,,,,,,,,,,,,,,,,,,,,,,,,,,,,,,,,,,,,,,,
2025-08-27T10:58:19+00:00,2025-08-27,COMMISSION_FEE,S20250827-29256,,,BTCUSDT,,poll,,,,,,,,,,,,,-0.04442188,,,,,,,,,,,,,,,,,,,,,,,,,,,,,,,,,,,,,,,,,,,,,,,,,,,,,,,,,,,,,,,
2025-08-27T10:58:19+00:00,2025-08-27,COMMISSION_FEE,S20250827-29256,,,BTCUSDT,,poll,,,,,,,,,,,,,-0.04441808,,,,,,,,,,,,,,,,,,,,,,,,,,,,,,,,,,,,,,,,,,,,,,,,,,,,,,,,,,,,,,,
2025-08-27T10:58:19+00:00,2025-08-27,COMMISSION_FEE,S20250827-29256,,,BTCUSDT,,poll,,,,,,,,,,,,,-0.04441584,,,,,,,,,,,,,,,,,,,,,,,,,,,,,,,,,,,,,,,,,,,,,,,,,,,,,,,,,,,,,,,
2025-08-27T10:58:19+00:00,2025-08-27,COMMISSION_FEE,S20250827-29256,,,BTCUSDT,,poll,,,,,,,,,,,,,-0.7992756,,,,,,,,,,,,,,,,,,,,,,,,,,,,,,,,,,,,,,,,,,,,,,,,,,,,,,,,,,,,,,,
2025-08-27T10:58:19+00:00,2025-08-27,TRADE_INTENT_NEW,S20250827-29256,,,BTCUSDT,,,,,,,,,,,,,,,,,,,,,,,,,,,,,,,,,,,,,,,,,,,,,,,,,,,,,,,,,,,,,,,,,,,,,,,,,,,,,,
2025-08-27T10:58:19+00:00,2025-08-27,ANALYSIS_SNAPSHOT,S20250827-29256,,,BTCUSDT,,,,,,,,,,,,,,,,,,,,,,,,,,0.0,,,,,,,,,,,,,,,,,,,,,,,,,,,,,,,,,,,,,,,live,testnet,0.0,"['1m', '5m', '1h']",0.0,,,,,,,,,
2025-08-27T10:58:19+00:00,2025-08-27,TRADE_INTENT_NEW,S20250827-29256,,,ETHUSDT,,,,,,,,,,,,,,,,,,,,,,,,,,,,,,,,,,,,,,,,,,,,,,,,,,,,,,,,,,,,,,,,,,,,,,,,,,,,,,
2025-08-27T10:58:19+00:00,2025-08-27,ANALYSIS_SNAPSHOT,S20250827-29256,,,ETHUSDT,,,,,,,,,,,,,,,,,,,,,,,,,,0.0,,,,,,,,,,,,,,,,,,,,,,,,,,,,,,,,,,,,,,,live,testnet,0.0,"['1m', '5m', '1h']",0.0,,,,,,,,,
2025-08-27T10:58:35+00:00,2025-08-27,TRADE_INTENT_CANCELLED,S20250827-29256,,,BTCUSDT,,,,,,,,,,,,,,,,,,,,,,,,,,,,,,,,,,,,,,,,,,,,,,,,,,,,,,,,,,,,,,,,,,,,,,,,,,,,,,
2025-08-27T10:58:35+00:00,2025-08-27,TRADE_INTENT_CANCELLED,S20250827-29256,,,ETHUSDT,,,,,,,,,,,,,,,,,,,,,,,,,,,,,,,,,,,,,,,,,,,,,,,,,,,,,,,,,,,,,,,,,,,,,,,,,,,,,,
2025-08-27T10:58:53+00:00,2025-08-27,TRADE_INTENT_NEW,S20250827-29256,,,BTCUSDT,,,,,,,,,,,,,,,,,,,,,,,,,,,,,,,,,,,,,,,,,,,,,,,,,,,,,,,,,,,,,,,,,,,,,,,,,,,,,,
2025-08-27T10:58:53+00:00,2025-08-27,ANALYSIS_SNAPSHOT,S20250827-29256,,,BTCUSDT,,,,,,,,,,,,,,,,,,,,,,,,,,0.0,,,,,,,,,,,,,,,,,,,,,,,,,,,,,,,,,,,,,,,live,testnet,0.0,"['1m', '5m', '1h']",0.0,,,,,,,,,
2025-08-27T10:58:55+00:00,2025-08-27,TRADE_INTENT_NEW,S20250827-29256,,,ETHUSDT,,,,,,,,,,,,,,,,,,,,,,,,,,,,,,,,,,,,,,,,,,,,,,,,,,,,,,,,,,,,,,,,,,,,,,,,,,,,,,
2025-08-27T10:58:55+00:00,2025-08-27,ANALYSIS_SNAPSHOT,S20250827-29256,,,ETHUSDT,,,,,,,,,,,,,,,,,,,,,,,,,,0.0,,,,,,,,,,,,,,,,,,,,,,,,,,,,,,,,,,,,,,,live,testnet,0.2683093193811408,"['1m', '5m', '1h']",0.0,,,,,,,,,
2025-08-27T10:59:09+00:00,2025-08-27,TRADE_INTENT_CANCELLED,S20250827-29256,,,BTCUSDT,,,,,,,,,,,,,,,,,,,,,,,,,,,,,,,,,,,,,,,,,,,,,,,,,,,,,,,,,,,,,,,,,,,,,,,,,,,,,,
2025-08-27T10:59:11+00:00,2025-08-27,TRADE_INTENT_CANCELLED,S20250827-29256,,,ETHUSDT,,,,,,,,,,,,,,,,,,,,,,,,,,,,,,,,,,,,,,,,,,,,,,,,,,,,,,,,,,,,,,,,,,,,,,,,,,,,,,
2025-08-27T10:59:27+00:00,2025-08-27,TRADE_INTENT_NEW,S20250827-29256,,,BTCUSDT,,,,,,,,,,,,,,,,,,,,,,,,,,,,,,,,,,,,,,,,,,,,,,,,,,,,,,,,,,,,,,,,,,,,,,,,,,,,,,
2025-08-27T10:59:27+00:00,2025-08-27,ANALYSIS_SNAPSHOT,S20250827-29256,,,BTCUSDT,,,,,,,,,,,,,,,,,,,,,,,,,,0.0,,,,,,,,,,,,,,,,,,,,,,,,,,,,,,,,,,,,,,,live,testnet,0.0021026880975030388,"['1m', '5m', '1h']",0.0,,,,,,,,,
2025-08-27T10:59:29+00:00,2025-08-27,TRADE_INTENT_NEW,S20250827-29256,,,ETHUSDT,,,,,,,,,,,,,,,,,,,,,,,,,,,,,,,,,,,,,,,,,,,,,,,,,,,,,,,,,,,,,,,,,,,,,,,,,,,,,,
2025-08-27T10:59:29+00:00,2025-08-27,ANALYSIS_SNAPSHOT,S20250827-29256,,,ETHUSDT,,,,,,,,,,,,,,,,,,,,,,,,,,0.0,,,,,,,,,,,,,,,,,,,,,,,,,,,,,,,,,,,,,,,live,testnet,0.5539557663967568,"['1m', '5m', '1h']",0.0,,,,,,,,,
2025-08-27T10:59:43+00:00,2025-08-27,TRADE_INTENT_CANCELLED,S20250827-29256,,,BTCUSDT,,,,,,,,,,,,,,,,,,,,,,,,,,,,,,,,,,,,,,,,,,,,,,,,,,,,,,,,,,,,,,,,,,,,,,,,,,,,,,
2025-08-27T10:59:45+00:00,2025-08-27,TRADE_INTENT_CANCELLED,S20250827-29256,,,ETHUSDT,,,,,,,,,,,,,,,,,,,,,,,,,,,,,,,,,,,,,,,,,,,,,,,,,,,,,,,,,,,,,,,,,,,,,,,,,,,,,,
2025-08-27T11:00:02+00:00,2025-08-27,TRADE_INTENT_NEW,S20250827-29256,,,BTCUSDT,,,,,,,,,,,,,,,,,,,,,,,,,,,,,,,,,,,,,,,,,,,,,,,,,,,,,,,,,,,,,,,,,,,,,,,,,,,,,,
2025-08-27T11:00:02+00:00,2025-08-27,ANALYSIS_SNAPSHOT,S20250827-29256,,,BTCUSDT,,,,,,,,,,,,,,,,,,,,,,,,,,0.0,,,,,,,,,,,,,,,,,,,,,,,,,,,,,,,,,,,,,,,live,testnet,0.0,"['1m', '5m', '1h']",0.0,,,,,,,,,
2025-08-27T11:00:04+00:00,2025-08-27,TRADE_INTENT_NEW,S20250827-29256,,,ETHUSDT,,,,,,,,,,,,,,,,,,,,,,,,,,,,,,,,,,,,,,,,,,,,,,,,,,,,,,,,,,,,,,,,,,,,,,,,,,,,,,
2025-08-27T11:00:04+00:00,2025-08-27,ANALYSIS_SNAPSHOT,S20250827-29256,,,ETHUSDT,,,,,,,,,,,,,,,,,,,,,,,,,,0.0,,,,,,,,,,,,,,,,,,,,,,,,,,,,,,,,,,,,,,,live,testnet,0.0,"['1m', '5m', '1h']",0.0,,,,,,,,,
2025-08-27T11:00:17+00:00,2025-08-27,TRADE_INTENT_CANCELLED,S20250827-29256,,,BTCUSDT,,,,,,,,,,,,,,,,,,,,,,,,,,,,,,,,,,,,,,,,,,,,,,,,,,,,,,,,,,,,,,,,,,,,,,,,,,,,,,
2025-08-27T11:00:19+00:00,2025-08-27,TRADE_INTENT_CANCELLED,S20250827-29256,,,ETHUSDT,,,,,,,,,,,,,,,,,,,,,,,,,,,,,,,,,,,,,,,,,,,,,,,,,,,,,,,,,,,,,,,,,,,,,,,,,,,,,,
2025-08-27T11:00:37+00:00,2025-08-27,TRADE_INTENT_NEW,S20250827-29256,,,BTCUSDT,,,,,,,,,,,,,,,,,,,,,,,,,,,,,,,,,,,,,,,,,,,,,,,,,,,,,,,,,,,,,,,,,,,,,,,,,,,,,,
2025-08-27T11:00:37+00:00,2025-08-27,ANALYSIS_SNAPSHOT,S20250827-29256,,,BTCUSDT,,,,,,,,,,,,,,,,,,,,,,,,,,0.0,,,,,,,,,,,,,,,,,,,,,,,,,,,,,,,,,,,,,,,live,testnet,0.0,"['1m', '5m', '1h']",0.0,,,,,,,,,
2025-08-27T11:00:40+00:00,2025-08-27,TRADE_INTENT_NEW,S20250827-29256,,,ETHUSDT,,,,,,,,,,,,,,,,,,,,,,,,,,,,,,,,,,,,,,,,,,,,,,,,,,,,,,,,,,,,,,,,,,,,,,,,,,,,,,
2025-08-27T11:00:40+00:00,2025-08-27,ANALYSIS_SNAPSHOT,S20250827-29256,,,ETHUSDT,,,,,,,,,,,,,,,,,,,,,,,,,,0.0,,,,,,,,,,,,,,,,,,,,,,,,,,,,,,,,,,,,,,,live,testnet,0.0,"['1m', '5m', '1h']",0.0,,,,,,,,,
2025-08-27T11:00:52+00:00,2025-08-27,TRADE_INTENT_CANCELLED,S20250827-29256,,,BTCUSDT,,,,,,,,,,,,,,,,,,,,,,,,,,,,,,,,,,,,,,,,,,,,,,,,,,,,,,,,,,,,,,,,,,,,,,,,,,,,,,
2025-08-27T11:00:55+00:00,2025-08-27,TRADE_INTENT_CANCELLED,S20250827-29256,,,ETHUSDT,,,,,,,,,,,,,,,,,,,,,,,,,,,,,,,,,,,,,,,,,,,,,,,,,,,,,,,,,,,,,,,,,,,,,,,,,,,,,,
2025-08-27T11:01:12+00:00,2025-08-27,TRADE_INTENT_NEW,S20250827-29256,,,BTCUSDT,,,,,,,,,,,,,,,,,,,,,,,,,,,,,,,,,,,,,,,,,,,,,,,,,,,,,,,,,,,,,,,,,,,,,,,,,,,,,,
2025-08-27T11:01:12+00:00,2025-08-27,ANALYSIS_SNAPSHOT,S20250827-29256,,,BTCUSDT,,,,,,,,,,,,,,,,,,,,,,,,,,0.0,,,,,,,,,,,,,,,,,,,,,,,,,,,,,,,,,,,,,,,live,testnet,0.0,"['1m', '5m', '1h']",0.0,,,,,,,,,
2025-08-27T11:01:14+00:00,2025-08-27,TRADE_INTENT_NEW,S20250827-29256,,,ETHUSDT,,,,,,,,,,,,,,,,,,,,,,,,,,,,,,,,,,,,,,,,,,,,,,,,,,,,,,,,,,,,,,,,,,,,,,,,,,,,,,
2025-08-27T11:01:14+00:00,2025-08-27,ANALYSIS_SNAPSHOT,S20250827-29256,,,ETHUSDT,,,,,,,,,,,,,,,,,,,,,,,,,,0.0,,,,,,,,,,,,,,,,,,,,,,,,,,,,,,,,,,,,,,,live,testnet,0.32526326310190334,"['1m', '5m', '1h']",0.0,,,,,,,,,
2025-08-27T11:01:27+00:00,2025-08-27,TRADE_INTENT_CANCELLED,S20250827-29256,,,BTCUSDT,,,,,,,,,,,,,,,,,,,,,,,,,,,,,,,,,,,,,,,,,,,,,,,,,,,,,,,,,,,,,,,,,,,,,,,,,,,,,,
2025-08-27T11:01:30+00:00,2025-08-27,TRADE_INTENT_CANCELLED,S20250827-29256,,,ETHUSDT,,,,,,,,,,,,,,,,,,,,,,,,,,,,,,,,,,,,,,,,,,,,,,,,,,,,,,,,,,,,,,,,,,,,,,,,,,,,,,
2025-08-27T11:01:47+00:00,2025-08-27,TRADE_INTENT_NEW,S20250827-29256,,,BTCUSDT,,,,,,,,,,,,,,,,,,,,,,,,,,,,,,,,,,,,,,,,,,,,,,,,,,,,,,,,,,,,,,,,,,,,,,,,,,,,,,
2025-08-27T11:01:47+00:00,2025-08-27,ANALYSIS_SNAPSHOT,S20250827-29256,,,BTCUSDT,,,,,,,,,,,,,,,,,,,,,,,,,,0.0,,,,,,,,,,,,,,,,,,,,,,,,,,,,,,,,,,,,,,,live,testnet,0.6322343171639281,"['1m', '5m', '1h']",0.0,,,,,,,,,
2025-08-27T11:01:49+00:00,2025-08-27,TRADE_INTENT_NEW,S20250827-29256,,,ETHUSDT,,,,,,,,,,,,,,,,,,,,,,,,,,,,,,,,,,,,,,,,,,,,,,,,,,,,,,,,,,,,,,,,,,,,,,,,,,,,,,
2025-08-27T11:01:49+00:00,2025-08-27,ANALYSIS_SNAPSHOT,S20250827-29256,,,ETHUSDT,,,,,,,,,,,,,,,,,,,,,,,,,,0.0,,,,,,,,,,,,,,,,,,,,,,,,,,,,,,,,,,,,,,,live,testnet,0.3872091023904602,"['1m', '5m', '1h']",0.0,,,,,,,,,
2025-08-27T11:02:03+00:00,2025-08-27,TRADE_INTENT_CANCELLED,S20250827-29256,,,BTCUSDT,,,,,,,,,,,,,,,,,,,,,,,,,,,,,,,,,,,,,,,,,,,,,,,,,,,,,,,,,,,,,,,,,,,,,,,,,,,,,,
2025-08-27T11:02:05+00:00,2025-08-27,TRADE_INTENT_CANCELLED,S20250827-29256,,,ETHUSDT,,,,,,,,,,,,,,,,,,,,,,,,,,,,,,,,,,,,,,,,,,,,,,,,,,,,,,,,,,,,,,,,,,,,,,,,,,,,,,
2025-08-27T11:34:07+00:00,2025-08-27,COMMISSION_FEE,S20250827-23908,,,BTCUSDT,,poll,,,,,,,,,,,,,-1.0644672,,,,,,,,,,,,,,,,,,,,,,,,,,,,,,,,,,,,,,,,,,,,,,,,,,,,,,,,,,,,,,,
2025-08-27T11:34:07+00:00,2025-08-27,FUNDING_FEE,S20250827-23908,,,BTCUSDT,,poll,,,,,,,,,,,,,,,-0.26565119,,,,,,,,,,,,,,,,,,,,,,,,,,,,,,,,,,,,,,,,,,,,,,,,,,,,,,,,,,,,,
2025-08-27T11:34:07+00:00,2025-08-27,COMMISSION_FEE,S20250827-23908,,,BTCUSDT,,poll,,,,,,,,,,,,,-0.04442484,,,,,,,,,,,,,,,,,,,,,,,,,,,,,,,,,,,,,,,,,,,,,,,,,,,,,,,,,,,,,,,
2025-08-27T11:34:07+00:00,2025-08-27,COMMISSION_FEE,S20250827-23908,,,BTCUSDT,,poll,,,,,,,,,,,,,-0.04442444,,,,,,,,,,,,,,,,,,,,,,,,,,,,,,,,,,,,,,,,,,,,,,,,,,,,,,,,,,,,,,,
2025-08-27T11:34:07+00:00,2025-08-27,COMMISSION_FEE,S20250827-23908,,,BTCUSDT,,poll,,,,,,,,,,,,,-0.04442444,,,,,,,,,,,,,,,,,,,,,,,,,,,,,,,,,,,,,,,,,,,,,,,,,,,,,,,,,,,,,,,
2025-08-27T11:34:07+00:00,2025-08-27,COMMISSION_FEE,S20250827-23908,,,BTCUSDT,,poll,,,,,,,,,,,,,-0.04442188,,,,,,,,,,,,,,,,,,,,,,,,,,,,,,,,,,,,,,,,,,,,,,,,,,,,,,,,,,,,,,,
2025-08-27T11:34:07+00:00,2025-08-27,COMMISSION_FEE,S20250827-23908,,,BTCUSDT,,poll,,,,,,,,,,,,,-0.04441808,,,,,,,,,,,,,,,,,,,,,,,,,,,,,,,,,,,,,,,,,,,,,,,,,,,,,,,,,,,,,,,
2025-08-27T11:34:07+00:00,2025-08-27,COMMISSION_FEE,S20250827-23908,,,BTCUSDT,,poll,,,,,,,,,,,,,-0.04441584,,,,,,,,,,,,,,,,,,,,,,,,,,,,,,,,,,,,,,,,,,,,,,,,,,,,,,,,,,,,,,,
2025-08-27T11:34:07+00:00,2025-08-27,COMMISSION_FEE,S20250827-23908,,,BTCUSDT,,poll,,,,,,,,,,,,,-0.7992756,,,,,,,,,,,,,,,,,,,,,,,,,,,,,,,,,,,,,,,,,,,,,,,,,,,,,,,,,,,,,,,
2025-08-27T11:34:11+00:00,2025-08-27,TRADE_INTENT_NEW,S20250827-23908,,,BTCUSDT,,,,,,,,,,,,,,,,,,,,,,,,,,,,,,,,,,,,,,,,,,,,,,,,,,,,,,,,,,,,,,,,,,,,,,,,,,,,,,
2025-08-27T11:34:11+00:00,2025-08-27,ANALYSIS_SNAPSHOT,S20250827-23908,,,BTCUSDT,,,,,,,,,,,,,,,,,,,,,,,,,,57.67862490102163,,,,,,,,,,,,,,,,,,,,,,,,,,,,,,,,,,,,,,,live,testnet,0.0,"['1m', '5m', '1h']",1.0,,,,,,,,,
2025-08-27T11:34:12+00:00,2025-08-27,TRADE_INTENT_NEW,S20250827-23908,,,ETHUSDT,,,,,,,,,,,,,,,,,,,,,,,,,,,,,,,,,,,,,,,,,,,,,,,,,,,,,,,,,,,,,,,,,,,,,,,,,,,,,,
2025-08-27T11:34:12+00:00,2025-08-27,ANALYSIS_SNAPSHOT,S20250827-23908,,,ETHUSDT,,,,,,,,,,,,,,,,,,,,,,,,,,55.97470894635804,,,,,,,,,,,,,,,,,,,,,,,,,,,,,,,,,,,,,,,live,testnet,0.0,"['1m', '5m', '1h']",1.0,,,,,,,,,
2025-08-27T11:34:27+00:00,2025-08-27,TRADE_INTENT_CANCELLED,S20250827-23908,,,BTCUSDT,,,,,,,,,,,,,,,,,,,,,,,,,,,,,,,,,,,,,,,,,,,,,,,,,,,,,,,,,,,,,,,,,,,,,,,,,,,,,,
2025-08-27T11:34:27+00:00,2025-08-27,TRADE_INTENT_CANCELLED,S20250827-23908,,,ETHUSDT,,,,,,,,,,,,,,,,,,,,,,,,,,,,,,,,,,,,,,,,,,,,,,,,,,,,,,,,,,,,,,,,,,,,,,,,,,,,,,
2025-08-27T11:34:41+00:00,2025-08-27,TRADE_INTENT_NEW,S20250827-23908,,,BTCUSDT,,,,,,,,,,,,,,,,,,,,,,,,,,,,,,,,,,,,,,,,,,,,,,,,,,,,,,,,,,,,,,,,,,,,,,,,,,,,,,
2025-08-27T11:34:41+00:00,2025-08-27,ANALYSIS_SNAPSHOT,S20250827-23908,,,BTCUSDT,,,,,,,,,,,,,,,,,,,,,,,,,,57.67862490102163,,,,,,,,,,,,,,,,,,,,,,,,,,,,,,,,,,,,,,,live,testnet,0.08463739264543768,"['1m', '5m', '1h']",1.0,,,,,,,,,
2025-08-27T11:34:42+00:00,2025-08-27,TRADE_INTENT_NEW,S20250827-23908,,,ETHUSDT,,,,,,,,,,,,,,,,,,,,,,,,,,,,,,,,,,,,,,,,,,,,,,,,,,,,,,,,,,,,,,,,,,,,,,,,,,,,,,
2025-08-27T11:34:42+00:00,2025-08-27,ANALYSIS_SNAPSHOT,S20250827-23908,,,ETHUSDT,,,,,,,,,,,,,,,,,,,,,,,,,,55.97470894635804,,,,,,,,,,,,,,,,,,,,,,,,,,,,,,,,,,,,,,,live,testnet,0.2039811801972064,"['1m', '5m', '1h']",1.0,,,,,,,,,
2025-08-27T11:34:57+00:00,2025-08-27,TRADE_INTENT_CANCELLED,S20250827-23908,,,BTCUSDT,,,,,,,,,,,,,,,,,,,,,,,,,,,,,,,,,,,,,,,,,,,,,,,,,,,,,,,,,,,,,,,,,,,,,,,,,,,,,,
2025-08-27T11:34:58+00:00,2025-08-27,TRADE_INTENT_CANCELLED,S20250827-23908,,,ETHUSDT,,,,,,,,,,,,,,,,,,,,,,,,,,,,,,,,,,,,,,,,,,,,,,,,,,,,,,,,,,,,,,,,,,,,,,,,,,,,,,
2025-08-27T11:35:12+00:00,2025-08-27,TRADE_INTENT_NEW,S20250827-23908,,,BTCUSDT,,,,,,,,,,,,,,,,,,,,,,,,,,,,,,,,,,,,,,,,,,,,,,,,,,,,,,,,,,,,,,,,,,,,,,,,,,,,,,
2025-08-27T11:35:12+00:00,2025-08-27,ANALYSIS_SNAPSHOT,S20250827-23908,,,BTCUSDT,,,,,,,,,,,,,,,,,,,,,,,,,,57.67862490102163,,,,,,,,,,,,,,,,,,,,,,,,,,,,,,,,,,,,,,,live,testnet,0.0,"['1m', '5m', '1h']",1.0,,,,,,,,,
2025-08-27T11:35:13+00:00,2025-08-27,TRADE_INTENT_NEW,S20250827-23908,,,ETHUSDT,,,,,,,,,,,,,,,,,,,,,,,,,,,,,,,,,,,,,,,,,,,,,,,,,,,,,,,,,,,,,,,,,,,,,,,,,,,,,,
2025-08-27T11:35:13+00:00,2025-08-27,ANALYSIS_SNAPSHOT,S20250827-23908,,,ETHUSDT,,,,,,,,,,,,,,,,,,,,,,,,,,55.97470894635804,,,,,,,,,,,,,,,,,,,,,,,,,,,,,,,,,,,,,,,live,testnet,0.0,"['1m', '5m', '1h']",1.0,,,,,,,,,
2025-08-27T11:35:27+00:00,2025-08-27,TRADE_INTENT_CANCELLED,S20250827-23908,,,BTCUSDT,,,,,,,,,,,,,,,,,,,,,,,,,,,,,,,,,,,,,,,,,,,,,,,,,,,,,,,,,,,,,,,,,,,,,,,,,,,,,,
2025-08-27T11:35:28+00:00,2025-08-27,TRADE_INTENT_CANCELLED,S20250827-23908,,,ETHUSDT,,,,,,,,,,,,,,,,,,,,,,,,,,,,,,,,,,,,,,,,,,,,,,,,,,,,,,,,,,,,,,,,,,,,,,,,,,,,,,
2025-08-27T11:35:42+00:00,2025-08-27,TRADE_INTENT_NEW,S20250827-23908,,,BTCUSDT,,,,,,,,,,,,,,,,,,,,,,,,,,,,,,,,,,,,,,,,,,,,,,,,,,,,,,,,,,,,,,,,,,,,,,,,,,,,,,
2025-08-27T11:35:42+00:00,2025-08-27,ANALYSIS_SNAPSHOT,S20250827-23908,,,BTCUSDT,,,,,,,,,,,,,,,,,,,,,,,,,,57.67862490102163,,,,,,,,,,,,,,,,,,,,,,,,,,,,,,,,,,,,,,,live,testnet,0.0,"['1m', '5m', '1h']",1.0,,,,,,,,,
2025-08-27T11:35:44+00:00,2025-08-27,TRADE_INTENT_NEW,S20250827-23908,,,ETHUSDT,,,,,,,,,,,,,,,,,,,,,,,,,,,,,,,,,,,,,,,,,,,,,,,,,,,,,,,,,,,,,,,,,,,,,,,,,,,,,,
2025-08-27T11:35:44+00:00,2025-08-27,ANALYSIS_SNAPSHOT,S20250827-23908,,,ETHUSDT,,,,,,,,,,,,,,,,,,,,,,,,,,55.97470894635804,,,,,,,,,,,,,,,,,,,,,,,,,,,,,,,,,,,,,,,live,testnet,0.0,"['1m', '5m', '1h']",1.0,,,,,,,,,
2025-08-27T11:35:58+00:00,2025-08-27,TRADE_INTENT_CANCELLED,S20250827-23908,,,BTCUSDT,,,,,,,,,,,,,,,,,,,,,,,,,,,,,,,,,,,,,,,,,,,,,,,,,,,,,,,,,,,,,,,,,,,,,,,,,,,,,,
2025-08-27T11:35:59+00:00,2025-08-27,TRADE_INTENT_CANCELLED,S20250827-23908,,,ETHUSDT,,,,,,,,,,,,,,,,,,,,,,,,,,,,,,,,,,,,,,,,,,,,,,,,,,,,,,,,,,,,,,,,,,,,,,,,,,,,,,
2025-08-27T11:36:13+00:00,2025-08-27,TRADE_INTENT_NEW,S20250827-23908,,,BTCUSDT,,,,,,,,,,,,,,,,,,,,,,,,,,,,,,,,,,,,,,,,,,,,,,,,,,,,,,,,,,,,,,,,,,,,,,,,,,,,,,
2025-08-27T11:36:13+00:00,2025-08-27,ANALYSIS_SNAPSHOT,S20250827-23908,,,BTCUSDT,,,,,,,,,,,,,,,,,,,,,,,,,,57.67862490102163,,,,,,,,,,,,,,,,,,,,,,,,,,,,,,,,,,,,,,,live,testnet,0.0,"['1m', '5m', '1h']",1.0,,,,,,,,,
2025-08-27T11:36:15+00:00,2025-08-27,TRADE_INTENT_NEW,S20250827-23908,,,ETHUSDT,,,,,,,,,,,,,,,,,,,,,,,,,,,,,,,,,,,,,,,,,,,,,,,,,,,,,,,,,,,,,,,,,,,,,,,,,,,,,,
2025-08-27T11:36:15+00:00,2025-08-27,ANALYSIS_SNAPSHOT,S20250827-23908,,,ETHUSDT,,,,,,,,,,,,,,,,,,,,,,,,,,55.97470894635804,,,,,,,,,,,,,,,,,,,,,,,,,,,,,,,,,,,,,,,live,testnet,0.003220587787355908,"['1m', '5m', '1h']",1.0,,,,,,,,,
2025-08-27T11:36:29+00:00,2025-08-27,TRADE_INTENT_CANCELLED,S20250827-23908,,,BTCUSDT,,,,,,,,,,,,,,,,,,,,,,,,,,,,,,,,,,,,,,,,,,,,,,,,,,,,,,,,,,,,,,,,,,,,,,,,,,,,,,
2025-08-27T11:36:30+00:00,2025-08-27,TRADE_INTENT_CANCELLED,S20250827-23908,,,ETHUSDT,,,,,,,,,,,,,,,,,,,,,,,,,,,,,,,,,,,,,,,,,,,,,,,,,,,,,,,,,,,,,,,,,,,,,,,,,,,,,,
2025-08-27T11:36:44+00:00,2025-08-27,TRADE_INTENT_NEW,S20250827-23908,,,BTCUSDT,,,,,,,,,,,,,,,,,,,,,,,,,,,,,,,,,,,,,,,,,,,,,,,,,,,,,,,,,,,,,,,,,,,,,,,,,,,,,,
2025-08-27T11:36:44+00:00,2025-08-27,ANALYSIS_SNAPSHOT,S20250827-23908,,,BTCUSDT,,,,,,,,,,,,,,,,,,,,,,,,,,57.67862490102163,,,,,,,,,,,,,,,,,,,,,,,,,,,,,,,,,,,,,,,live,testnet,0.0,"['1m', '5m', '1h']",1.0,,,,,,,,,
2025-08-27T11:36:45+00:00,2025-08-27,TRADE_INTENT_NEW,S20250827-23908,,,ETHUSDT,,,,,,,,,,,,,,,,,,,,,,,,,,,,,,,,,,,,,,,,,,,,,,,,,,,,,,,,,,,,,,,,,,,,,,,,,,,,,,
2025-08-27T11:36:45+00:00,2025-08-27,ANALYSIS_SNAPSHOT,S20250827-23908,,,ETHUSDT,,,,,,,,,,,,,,,,,,,,,,,,,,55.97470894635804,,,,,,,,,,,,,,,,,,,,,,,,,,,,,,,,,,,,,,,live,testnet,0.120646049128939,"['1m', '5m', '1h']",1.0,,,,,,,,,
2025-08-27T11:37:00+00:00,2025-08-27,TRADE_INTENT_CANCELLED,S20250827-23908,,,BTCUSDT,,,,,,,,,,,,,,,,,,,,,,,,,,,,,,,,,,,,,,,,,,,,,,,,,,,,,,,,,,,,,,,,,,,,,,,,,,,,,,
2025-08-27T11:37:01+00:00,2025-08-27,TRADE_INTENT_CANCELLED,S20250827-23908,,,ETHUSDT,,,,,,,,,,,,,,,,,,,,,,,,,,,,,,,,,,,,,,,,,,,,,,,,,,,,,,,,,,,,,,,,,,,,,,,,,,,,,,
2025-08-27T11:37:15+00:00,2025-08-27,TRADE_INTENT_NEW,S20250827-23908,,,BTCUSDT,,,,,,,,,,,,,,,,,,,,,,,,,,,,,,,,,,,,,,,,,,,,,,,,,,,,,,,,,,,,,,,,,,,,,,,,,,,,,,
2025-08-27T11:37:15+00:00,2025-08-27,ANALYSIS_SNAPSHOT,S20250827-23908,,,BTCUSDT,,,,,,,,,,,,,,,,,,,,,,,,,,57.67862490102163,,,,,,,,,,,,,,,,,,,,,,,,,,,,,,,,,,,,,,,live,testnet,0.0,"['1m', '5m', '1h']",1.0,,,,,,,,,
2025-08-27T11:37:16+00:00,2025-08-27,TRADE_INTENT_NEW,S20250827-23908,,,ETHUSDT,,,,,,,,,,,,,,,,,,,,,,,,,,,,,,,,,,,,,,,,,,,,,,,,,,,,,,,,,,,,,,,,,,,,,,,,,,,,,,
2025-08-27T11:37:16+00:00,2025-08-27,ANALYSIS_SNAPSHOT,S20250827-23908,,,ETHUSDT,,,,,,,,,,,,,,,,,,,,,,,,,,55.97470894635804,,,,,,,,,,,,,,,,,,,,,,,,,,,,,,,,,,,,,,,live,testnet,0.0,"['1m', '5m', '1h']",1.0,,,,,,,,,
2025-08-27T11:37:30+00:00,2025-08-27,TRADE_INTENT_CANCELLED,S20250827-23908,,,BTCUSDT,,,,,,,,,,,,,,,,,,,,,,,,,,,,,,,,,,,,,,,,,,,,,,,,,,,,,,,,,,,,,,,,,,,,,,,,,,,,,,
2025-08-27T11:37:32+00:00,2025-08-27,TRADE_INTENT_CANCELLED,S20250827-23908,,,ETHUSDT,,,,,,,,,,,,,,,,,,,,,,,,,,,,,,,,,,,,,,,,,,,,,,,,,,,,,,,,,,,,,,,,,,,,,,,,,,,,,,
2025-08-27T11:37:45+00:00,2025-08-27,TRADE_INTENT_NEW,S20250827-23908,,,BTCUSDT,,,,,,,,,,,,,,,,,,,,,,,,,,,,,,,,,,,,,,,,,,,,,,,,,,,,,,,,,,,,,,,,,,,,,,,,,,,,,,
2025-08-27T11:37:45+00:00,2025-08-27,ANALYSIS_SNAPSHOT,S20250827-23908,,,BTCUSDT,,,,,,,,,,,,,,,,,,,,,,,,,,57.67862490102163,,,,,,,,,,,,,,,,,,,,,,,,,,,,,,,,,,,,,,,live,testnet,0.0582214384761009,"['1m', '5m', '1h']",1.0,,,,,,,,,
2025-08-27T11:37:47+00:00,2025-08-27,TRADE_INTENT_NEW,S20250827-23908,,,ETHUSDT,,,,,,,,,,,,,,,,,,,,,,,,,,,,,,,,,,,,,,,,,,,,,,,,,,,,,,,,,,,,,,,,,,,,,,,,,,,,,,
2025-08-27T11:37:47+00:00,2025-08-27,ANALYSIS_SNAPSHOT,S20250827-23908,,,ETHUSDT,,,,,,,,,,,,,,,,,,,,,,,,,,55.97470894635804,,,,,,,,,,,,,,,,,,,,,,,,,,,,,,,,,,,,,,,live,testnet,0.025257506085054462,"['1m', '5m', '1h']",1.0,,,,,,,,,
2025-08-27T11:38:01+00:00,2025-08-27,TRADE_INTENT_CANCELLED,S20250827-23908,,,BTCUSDT,,,,,,,,,,,,,,,,,,,,,,,,,,,,,,,,,,,,,,,,,,,,,,,,,,,,,,,,,,,,,,,,,,,,,,,,,,,,,,
2025-08-27T11:38:02+00:00,2025-08-27,TRADE_INTENT_CANCELLED,S20250827-23908,,,ETHUSDT,,,,,,,,,,,,,,,,,,,,,,,,,,,,,,,,,,,,,,,,,,,,,,,,,,,,,,,,,,,,,,,,,,,,,,,,,,,,,,
2025-08-27T11:38:16+00:00,2025-08-27,TRADE_INTENT_NEW,S20250827-23908,,,BTCUSDT,,,,,,,,,,,,,,,,,,,,,,,,,,,,,,,,,,,,,,,,,,,,,,,,,,,,,,,,,,,,,,,,,,,,,,,,,,,,,,
2025-08-27T11:38:16+00:00,2025-08-27,ANALYSIS_SNAPSHOT,S20250827-23908,,,BTCUSDT,,,,,,,,,,,,,,,,,,,,,,,,,,57.67862490102163,,,,,,,,,,,,,,,,,,,,,,,,,,,,,,,,,,,,,,,live,testnet,0.11811150901006362,"['1m', '5m', '1h']",1.0,,,,,,,,,
2025-08-27T11:38:17+00:00,2025-08-27,TRADE_INTENT_NEW,S20250827-23908,,,ETHUSDT,,,,,,,,,,,,,,,,,,,,,,,,,,,,,,,,,,,,,,,,,,,,,,,,,,,,,,,,,,,,,,,,,,,,,,,,,,,,,,
2025-08-27T11:38:17+00:00,2025-08-27,ANALYSIS_SNAPSHOT,S20250827-23908,,,ETHUSDT,,,,,,,,,,,,,,,,,,,,,,,,,,55.97470894635804,,,,,,,,,,,,,,,,,,,,,,,,,,,,,,,,,,,,,,,live,testnet,0.0,"['1m', '5m', '1h']",1.0,,,,,,,,,
2025-08-27T11:38:31+00:00,2025-08-27,TRADE_INTENT_CANCELLED,S20250827-23908,,,BTCUSDT,,,,,,,,,,,,,,,,,,,,,,,,,,,,,,,,,,,,,,,,,,,,,,,,,,,,,,,,,,,,,,,,,,,,,,,,,,,,,,
2025-08-27T11:38:33+00:00,2025-08-27,TRADE_INTENT_CANCELLED,S20250827-23908,,,ETHUSDT,,,,,,,,,,,,,,,,,,,,,,,,,,,,,,,,,,,,,,,,,,,,,,,,,,,,,,,,,,,,,,,,,,,,,,,,,,,,,,
2025-08-27T11:38:47+00:00,2025-08-27,TRADE_INTENT_NEW,S20250827-23908,,,BTCUSDT,,,,,,,,,,,,,,,,,,,,,,,,,,,,,,,,,,,,,,,,,,,,,,,,,,,,,,,,,,,,,,,,,,,,,,,,,,,,,,
2025-08-27T11:38:47+00:00,2025-08-27,ANALYSIS_SNAPSHOT,S20250827-23908,,,BTCUSDT,,,,,,,,,,,,,,,,,,,,,,,,,,57.67862490102163,,,,,,,,,,,,,,,,,,,,,,,,,,,,,,,,,,,,,,,live,testnet,0.0,"['1m', '5m', '1h']",1.0,,,,,,,,,
2025-08-27T11:38:48+00:00,2025-08-27,TRADE_INTENT_NEW,S20250827-23908,,,ETHUSDT,,,,,,,,,,,,,,,,,,,,,,,,,,,,,,,,,,,,,,,,,,,,,,,,,,,,,,,,,,,,,,,,,,,,,,,,,,,,,,
2025-08-27T11:38:48+00:00,2025-08-27,ANALYSIS_SNAPSHOT,S20250827-23908,,,ETHUSDT,,,,,,,,,,,,,,,,,,,,,,,,,,55.97470894635804,,,,,,,,,,,,,,,,,,,,,,,,,,,,,,,,,,,,,,,live,testnet,0.0,"['1m', '5m', '1h']",1.0,,,,,,,,,
2025-08-27T11:39:03+00:00,2025-08-27,TRADE_INTENT_CANCELLED,S20250827-23908,,,BTCUSDT,,,,,,,,,,,,,,,,,,,,,,,,,,,,,,,,,,,,,,,,,,,,,,,,,,,,,,,,,,,,,,,,,,,,,,,,,,,,,,
2025-08-27T11:39:04+00:00,2025-08-27,TRADE_INTENT_CANCELLED,S20250827-23908,,,ETHUSDT,,,,,,,,,,,,,,,,,,,,,,,,,,,,,,,,,,,,,,,,,,,,,,,,,,,,,,,,,,,,,,,,,,,,,,,,,,,,,,
2025-08-27T11:39:19+00:00,2025-08-27,TRADE_INTENT_NEW,S20250827-23908,,,BTCUSDT,,,,,,,,,,,,,,,,,,,,,,,,,,,,,,,,,,,,,,,,,,,,,,,,,,,,,,,,,,,,,,,,,,,,,,,,,,,,,,
2025-08-27T11:39:19+00:00,2025-08-27,ANALYSIS_SNAPSHOT,S20250827-23908,,,BTCUSDT,,,,,,,,,,,,,,,,,,,,,,,,,,57.67862490102163,,,,,,,,,,,,,,,,,,,,,,,,,,,,,,,,,,,,,,,live,testnet,0.038735594868308354,"['1m', '5m', '1h']",1.0,,,,,,,,,
2025-08-27T11:39:21+00:00,2025-08-27,TRADE_INTENT_NEW,S20250827-23908,,,ETHUSDT,,,,,,,,,,,,,,,,,,,,,,,,,,,,,,,,,,,,,,,,,,,,,,,,,,,,,,,,,,,,,,,,,,,,,,,,,,,,,,
2025-08-27T11:39:21+00:00,2025-08-27,ANALYSIS_SNAPSHOT,S20250827-23908,,,ETHUSDT,,,,,,,,,,,,,,,,,,,,,,,,,,55.97470894635804,,,,,,,,,,,,,,,,,,,,,,,,,,,,,,,,,,,,,,,live,testnet,0.0,"['1m', '5m', '1h']",1.0,,,,,,,,,
2025-08-27T11:39:34+00:00,2025-08-27,TRADE_INTENT_CANCELLED,S20250827-23908,,,BTCUSDT,,,,,,,,,,,,,,,,,,,,,,,,,,,,,,,,,,,,,,,,,,,,,,,,,,,,,,,,,,,,,,,,,,,,,,,,,,,,,,
2025-08-27T11:39:36+00:00,2025-08-27,TRADE_INTENT_CANCELLED,S20250827-23908,,,ETHUSDT,,,,,,,,,,,,,,,,,,,,,,,,,,,,,,,,,,,,,,,,,,,,,,,,,,,,,,,,,,,,,,,,,,,,,,,,,,,,,,
2025-08-27T11:39:48+00:00,2025-08-27,TRADE_INTENT_NEW,S20250827-23908,,,BTCUSDT,,,,,,,,,,,,,,,,,,,,,,,,,,,,,,,,,,,,,,,,,,,,,,,,,,,,,,,,,,,,,,,,,,,,,,,,,,,,,,
2025-08-27T11:39:48+00:00,2025-08-27,ANALYSIS_SNAPSHOT,S20250827-23908,,,BTCUSDT,,,,,,,,,,,,,,,,,,,,,,,,,,57.67862490102163,,,,,,,,,,,,,,,,,,,,,,,,,,,,,,,,,,,,,,,live,testnet,0.0,"['1m', '5m', '1h']",1.0,,,,,,,,,
2025-08-27T11:39:50+00:00,2025-08-27,TRADE_INTENT_NEW,S20250827-23908,,,ETHUSDT,,,,,,,,,,,,,,,,,,,,,,,,,,,,,,,,,,,,,,,,,,,,,,,,,,,,,,,,,,,,,,,,,,,,,,,,,,,,,,
2025-08-27T11:39:50+00:00,2025-08-27,ANALYSIS_SNAPSHOT,S20250827-23908,,,ETHUSDT,,,,,,,,,,,,,,,,,,,,,,,,,,55.97470894635804,,,,,,,,,,,,,,,,,,,,,,,,,,,,,,,,,,,,,,,live,testnet,0.0,"['1m', '5m', '1h']",1.0,,,,,,,,,
2025-08-27T11:40:04+00:00,2025-08-27,TRADE_INTENT_CANCELLED,S20250827-23908,,,BTCUSDT,,,,,,,,,,,,,,,,,,,,,,,,,,,,,,,,,,,,,,,,,,,,,,,,,,,,,,,,,,,,,,,,,,,,,,,,,,,,,,
2025-08-27T11:40:05+00:00,2025-08-27,TRADE_INTENT_CANCELLED,S20250827-23908,,,ETHUSDT,,,,,,,,,,,,,,,,,,,,,,,,,,,,,,,,,,,,,,,,,,,,,,,,,,,,,,,,,,,,,,,,,,,,,,,,,,,,,,
2025-08-27T11:40:19+00:00,2025-08-27,TRADE_INTENT_NEW,S20250827-23908,,,BTCUSDT,,,,,,,,,,,,,,,,,,,,,,,,,,,,,,,,,,,,,,,,,,,,,,,,,,,,,,,,,,,,,,,,,,,,,,,,,,,,,,
2025-08-27T11:40:19+00:00,2025-08-27,ANALYSIS_SNAPSHOT,S20250827-23908,,,BTCUSDT,,,,,,,,,,,,,,,,,,,,,,,,,,57.67862490102163,,,,,,,,,,,,,,,,,,,,,,,,,,,,,,,,,,,,,,,live,testnet,0.04877185212349442,"['1m', '5m', '1h']",1.0,,,,,,,,,
2025-08-27T11:40:20+00:00,2025-08-27,TRADE_INTENT_NEW,S20250827-23908,,,ETHUSDT,,,,,,,,,,,,,,,,,,,,,,,,,,,,,,,,,,,,,,,,,,,,,,,,,,,,,,,,,,,,,,,,,,,,,,,,,,,,,,
2025-08-27T11:40:20+00:00,2025-08-27,ANALYSIS_SNAPSHOT,S20250827-23908,,,ETHUSDT,,,,,,,,,,,,,,,,,,,,,,,,,,55.97470894635804,,,,,,,,,,,,,,,,,,,,,,,,,,,,,,,,,,,,,,,live,testnet,0.4707593144257481,"['1m', '5m', '1h']",1.0,,,,,,,,,
2025-08-27T11:40:35+00:00,2025-08-27,TRADE_INTENT_CANCELLED,S20250827-23908,,,BTCUSDT,,,,,,,,,,,,,,,,,,,,,,,,,,,,,,,,,,,,,,,,,,,,,,,,,,,,,,,,,,,,,,,,,,,,,,,,,,,,,,
2025-08-27T11:40:36+00:00,2025-08-27,TRADE_INTENT_CANCELLED,S20250827-23908,,,ETHUSDT,,,,,,,,,,,,,,,,,,,,,,,,,,,,,,,,,,,,,,,,,,,,,,,,,,,,,,,,,,,,,,,,,,,,,,,,,,,,,,
2025-08-27T11:40:50+00:00,2025-08-27,TRADE_INTENT_NEW,S20250827-23908,,,BTCUSDT,,,,,,,,,,,,,,,,,,,,,,,,,,,,,,,,,,,,,,,,,,,,,,,,,,,,,,,,,,,,,,,,,,,,,,,,,,,,,,
2025-08-27T11:40:50+00:00,2025-08-27,ANALYSIS_SNAPSHOT,S20250827-23908,,,BTCUSDT,,,,,,,,,,,,,,,,,,,,,,,,,,57.67862490102163,,,,,,,,,,,,,,,,,,,,,,,,,,,,,,,,,,,,,,,live,testnet,0.06193895494885263,"['1m', '5m', '1h']",1.0,,,,,,,,,
2025-08-27T11:40:51+00:00,2025-08-27,TRADE_INTENT_NEW,S20250827-23908,,,ETHUSDT,,,,,,,,,,,,,,,,,,,,,,,,,,,,,,,,,,,,,,,,,,,,,,,,,,,,,,,,,,,,,,,,,,,,,,,,,,,,,,
2025-08-27T11:40:51+00:00,2025-08-27,ANALYSIS_SNAPSHOT,S20250827-23908,,,ETHUSDT,,,,,,,,,,,,,,,,,,,,,,,,,,55.97470894635804,,,,,,,,,,,,,,,,,,,,,,,,,,,,,,,,,,,,,,,live,testnet,0.08327571422186006,"['1m', '5m', '1h']",1.0,,,,,,,,,
2025-08-27T11:41:05+00:00,2025-08-27,TRADE_INTENT_CANCELLED,S20250827-23908,,,BTCUSDT,,,,,,,,,,,,,,,,,,,,,,,,,,,,,,,,,,,,,,,,,,,,,,,,,,,,,,,,,,,,,,,,,,,,,,,,,,,,,,
2025-08-27T11:41:07+00:00,2025-08-27,TRADE_INTENT_CANCELLED,S20250827-23908,,,ETHUSDT,,,,,,,,,,,,,,,,,,,,,,,,,,,,,,,,,,,,,,,,,,,,,,,,,,,,,,,,,,,,,,,,,,,,,,,,,,,,,,
2025-08-27T11:41:21+00:00,2025-08-27,TRADE_INTENT_NEW,S20250827-23908,,,BTCUSDT,,,,,,,,,,,,,,,,,,,,,,,,,,,,,,,,,,,,,,,,,,,,,,,,,,,,,,,,,,,,,,,,,,,,,,,,,,,,,,
2025-08-27T11:41:21+00:00,2025-08-27,ANALYSIS_SNAPSHOT,S20250827-23908,,,BTCUSDT,,,,,,,,,,,,,,,,,,,,,,,,,,57.67862490102163,,,,,,,,,,,,,,,,,,,,,,,,,,,,,,,,,,,,,,,live,testnet,0.06990084914891996,"['1m', '5m', '1h']",1.0,,,,,,,,,
2025-08-27T11:41:22+00:00,2025-08-27,TRADE_INTENT_NEW,S20250827-23908,,,ETHUSDT,,,,,,,,,,,,,,,,,,,,,,,,,,,,,,,,,,,,,,,,,,,,,,,,,,,,,,,,,,,,,,,,,,,,,,,,,,,,,,
2025-08-27T11:41:22+00:00,2025-08-27,ANALYSIS_SNAPSHOT,S20250827-23908,,,ETHUSDT,,,,,,,,,,,,,,,,,,,,,,,,,,55.97470894635804,,,,,,,,,,,,,,,,,,,,,,,,,,,,,,,,,,,,,,,live,testnet,0.02843679961132143,"['1m', '5m', '1h']",1.0,,,,,,,,,
2025-08-27T11:41:36+00:00,2025-08-27,TRADE_INTENT_CANCELLED,S20250827-23908,,,BTCUSDT,,,,,,,,,,,,,,,,,,,,,,,,,,,,,,,,,,,,,,,,,,,,,,,,,,,,,,,,,,,,,,,,,,,,,,,,,,,,,,
2025-08-27T11:41:38+00:00,2025-08-27,TRADE_INTENT_CANCELLED,S20250827-23908,,,ETHUSDT,,,,,,,,,,,,,,,,,,,,,,,,,,,,,,,,,,,,,,,,,,,,,,,,,,,,,,,,,,,,,,,,,,,,,,,,,,,,,,
2025-08-27T11:41:52+00:00,2025-08-27,TRADE_INTENT_NEW,S20250827-23908,,,BTCUSDT,,,,,,,,,,,,,,,,,,,,,,,,,,,,,,,,,,,,,,,,,,,,,,,,,,,,,,,,,,,,,,,,,,,,,,,,,,,,,,
2025-08-27T11:41:52+00:00,2025-08-27,ANALYSIS_SNAPSHOT,S20250827-23908,,,BTCUSDT,,,,,,,,,,,,,,,,,,,,,,,,,,57.67862490102163,,,,,,,,,,,,,,,,,,,,,,,,,,,,,,,,,,,,,,,live,testnet,0.014770069396352557,"['1m', '5m', '1h']",1.0,,,,,,,,,
2025-08-27T11:41:53+00:00,2025-08-27,TRADE_INTENT_NEW,S20250827-23908,,,ETHUSDT,,,,,,,,,,,,,,,,,,,,,,,,,,,,,,,,,,,,,,,,,,,,,,,,,,,,,,,,,,,,,,,,,,,,,,,,,,,,,,
2025-08-27T11:41:53+00:00,2025-08-27,ANALYSIS_SNAPSHOT,S20250827-23908,,,ETHUSDT,,,,,,,,,,,,,,,,,,,,,,,,,,55.97470894635804,,,,,,,,,,,,,,,,,,,,,,,,,,,,,,,,,,,,,,,live,testnet,0.09516348324862627,"['1m', '5m', '1h']",1.0,,,,,,,,,
2025-08-27T11:42:07+00:00,2025-08-27,TRADE_INTENT_CANCELLED,S20250827-23908,,,BTCUSDT,,,,,,,,,,,,,,,,,,,,,,,,,,,,,,,,,,,,,,,,,,,,,,,,,,,,,,,,,,,,,,,,,,,,,,,,,,,,,,
2025-08-27T11:42:08+00:00,2025-08-27,TRADE_INTENT_CANCELLED,S20250827-23908,,,ETHUSDT,,,,,,,,,,,,,,,,,,,,,,,,,,,,,,,,,,,,,,,,,,,,,,,,,,,,,,,,,,,,,,,,,,,,,,,,,,,,,,
2025-08-27T11:42:23+00:00,2025-08-27,TRADE_INTENT_NEW,S20250827-23908,,,BTCUSDT,,,,,,,,,,,,,,,,,,,,,,,,,,,,,,,,,,,,,,,,,,,,,,,,,,,,,,,,,,,,,,,,,,,,,,,,,,,,,,
2025-08-27T11:42:23+00:00,2025-08-27,ANALYSIS_SNAPSHOT,S20250827-23908,,,BTCUSDT,,,,,,,,,,,,,,,,,,,,,,,,,,57.67862490102163,,,,,,,,,,,,,,,,,,,,,,,,,,,,,,,,,,,,,,,live,testnet,0.0,"['1m', '5m', '1h']",1.0,,,,,,,,,
2025-08-27T11:42:24+00:00,2025-08-27,TRADE_INTENT_NEW,S20250827-23908,,,ETHUSDT,,,,,,,,,,,,,,,,,,,,,,,,,,,,,,,,,,,,,,,,,,,,,,,,,,,,,,,,,,,,,,,,,,,,,,,,,,,,,,
2025-08-27T11:42:24+00:00,2025-08-27,ANALYSIS_SNAPSHOT,S20250827-23908,,,ETHUSDT,,,,,,,,,,,,,,,,,,,,,,,,,,55.97470894635804,,,,,,,,,,,,,,,,,,,,,,,,,,,,,,,,,,,,,,,live,testnet,0.0,"['1m', '5m', '1h']",1.0,,,,,,,,,
2025-08-27T11:42:38+00:00,2025-08-27,TRADE_INTENT_CANCELLED,S20250827-23908,,,BTCUSDT,,,,,,,,,,,,,,,,,,,,,,,,,,,,,,,,,,,,,,,,,,,,,,,,,,,,,,,,,,,,,,,,,,,,,,,,,,,,,,
2025-08-27T11:42:40+00:00,2025-08-27,TRADE_INTENT_CANCELLED,S20250827-23908,,,ETHUSDT,,,,,,,,,,,,,,,,,,,,,,,,,,,,,,,,,,,,,,,,,,,,,,,,,,,,,,,,,,,,,,,,,,,,,,,,,,,,,,
2025-08-27T11:42:53+00:00,2025-08-27,TRADE_INTENT_NEW,S20250827-23908,,,BTCUSDT,,,,,,,,,,,,,,,,,,,,,,,,,,,,,,,,,,,,,,,,,,,,,,,,,,,,,,,,,,,,,,,,,,,,,,,,,,,,,,
2025-08-27T11:42:53+00:00,2025-08-27,ANALYSIS_SNAPSHOT,S20250827-23908,,,BTCUSDT,,,,,,,,,,,,,,,,,,,,,,,,,,57.67862490102163,,,,,,,,,,,,,,,,,,,,,,,,,,,,,,,,,,,,,,,live,testnet,0.0,"['1m', '5m', '1h']",1.0,,,,,,,,,
2025-08-27T11:42:55+00:00,2025-08-27,TRADE_INTENT_NEW,S20250827-23908,,,ETHUSDT,,,,,,,,,,,,,,,,,,,,,,,,,,,,,,,,,,,,,,,,,,,,,,,,,,,,,,,,,,,,,,,,,,,,,,,,,,,,,,
2025-08-27T11:42:55+00:00,2025-08-27,ANALYSIS_SNAPSHOT,S20250827-23908,,,ETHUSDT,,,,,,,,,,,,,,,,,,,,,,,,,,55.97470894635804,,,,,,,,,,,,,,,,,,,,,,,,,,,,,,,,,,,,,,,live,testnet,0.0,"['1m', '5m', '1h']",1.0,,,,,,,,,
2025-08-27T11:43:09+00:00,2025-08-27,TRADE_INTENT_CANCELLED,S20250827-23908,,,BTCUSDT,,,,,,,,,,,,,,,,,,,,,,,,,,,,,,,,,,,,,,,,,,,,,,,,,,,,,,,,,,,,,,,,,,,,,,,,,,,,,,
2025-08-27T11:43:10+00:00,2025-08-27,TRADE_INTENT_CANCELLED,S20250827-23908,,,ETHUSDT,,,,,,,,,,,,,,,,,,,,,,,,,,,,,,,,,,,,,,,,,,,,,,,,,,,,,,,,,,,,,,,,,,,,,,,,,,,,,,
2025-08-27T11:43:24+00:00,2025-08-27,TRADE_INTENT_NEW,S20250827-23908,,,BTCUSDT,,,,,,,,,,,,,,,,,,,,,,,,,,,,,,,,,,,,,,,,,,,,,,,,,,,,,,,,,,,,,,,,,,,,,,,,,,,,,,
2025-08-27T11:43:24+00:00,2025-08-27,ANALYSIS_SNAPSHOT,S20250827-23908,,,BTCUSDT,,,,,,,,,,,,,,,,,,,,,,,,,,57.67862490102163,,,,,,,,,,,,,,,,,,,,,,,,,,,,,,,,,,,,,,,live,testnet,0.0,"['1m', '5m', '1h']",1.0,,,,,,,,,
2025-08-27T11:43:25+00:00,2025-08-27,TRADE_INTENT_NEW,S20250827-23908,,,ETHUSDT,,,,,,,,,,,,,,,,,,,,,,,,,,,,,,,,,,,,,,,,,,,,,,,,,,,,,,,,,,,,,,,,,,,,,,,,,,,,,,
2025-08-27T11:43:25+00:00,2025-08-27,ANALYSIS_SNAPSHOT,S20250827-23908,,,ETHUSDT,,,,,,,,,,,,,,,,,,,,,,,,,,55.97470894635804,,,,,,,,,,,,,,,,,,,,,,,,,,,,,,,,,,,,,,,live,testnet,0.1653313388789154,"['1m', '5m', '1h']",1.0,,,,,,,,,
2025-08-27T11:43:40+00:00,2025-08-27,TRADE_INTENT_CANCELLED,S20250827-23908,,,BTCUSDT,,,,,,,,,,,,,,,,,,,,,,,,,,,,,,,,,,,,,,,,,,,,,,,,,,,,,,,,,,,,,,,,,,,,,,,,,,,,,,
2025-08-27T11:43:41+00:00,2025-08-27,TRADE_INTENT_CANCELLED,S20250827-23908,,,ETHUSDT,,,,,,,,,,,,,,,,,,,,,,,,,,,,,,,,,,,,,,,,,,,,,,,,,,,,,,,,,,,,,,,,,,,,,,,,,,,,,,
2025-08-27T11:43:55+00:00,2025-08-27,TRADE_INTENT_NEW,S20250827-23908,,,BTCUSDT,,,,,,,,,,,,,,,,,,,,,,,,,,,,,,,,,,,,,,,,,,,,,,,,,,,,,,,,,,,,,,,,,,,,,,,,,,,,,,
2025-08-27T11:43:55+00:00,2025-08-27,ANALYSIS_SNAPSHOT,S20250827-23908,,,BTCUSDT,,,,,,,,,,,,,,,,,,,,,,,,,,57.67862490102163,,,,,,,,,,,,,,,,,,,,,,,,,,,,,,,,,,,,,,,live,testnet,0.0,"['1m', '5m', '1h']",1.0,,,,,,,,,
2025-08-27T11:43:56+00:00,2025-08-27,TRADE_INTENT_NEW,S20250827-23908,,,ETHUSDT,,,,,,,,,,,,,,,,,,,,,,,,,,,,,,,,,,,,,,,,,,,,,,,,,,,,,,,,,,,,,,,,,,,,,,,,,,,,,,
2025-08-27T11:43:56+00:00,2025-08-27,ANALYSIS_SNAPSHOT,S20250827-23908,,,ETHUSDT,,,,,,,,,,,,,,,,,,,,,,,,,,55.97470894635804,,,,,,,,,,,,,,,,,,,,,,,,,,,,,,,,,,,,,,,live,testnet,0.0,"['1m', '5m', '1h']",1.0,,,,,,,,,
2025-08-27T11:44:10+00:00,2025-08-27,TRADE_INTENT_CANCELLED,S20250827-23908,,,BTCUSDT,,,,,,,,,,,,,,,,,,,,,,,,,,,,,,,,,,,,,,,,,,,,,,,,,,,,,,,,,,,,,,,,,,,,,,,,,,,,,,
2025-08-27T11:44:11+00:00,2025-08-27,TRADE_INTENT_CANCELLED,S20250827-23908,,,ETHUSDT,,,,,,,,,,,,,,,,,,,,,,,,,,,,,,,,,,,,,,,,,,,,,,,,,,,,,,,,,,,,,,,,,,,,,,,,,,,,,,
2025-08-27T11:44:27+00:00,2025-08-27,TRADE_INTENT_NEW,S20250827-23908,,,BTCUSDT,,,,,,,,,,,,,,,,,,,,,,,,,,,,,,,,,,,,,,,,,,,,,,,,,,,,,,,,,,,,,,,,,,,,,,,,,,,,,,
2025-08-27T11:44:27+00:00,2025-08-27,ANALYSIS_SNAPSHOT,S20250827-23908,,,BTCUSDT,,,,,,,,,,,,,,,,,,,,,,,,,,57.67862490102163,,,,,,,,,,,,,,,,,,,,,,,,,,,,,,,,,,,,,,,live,testnet,0.00047866601341615636,"['1m', '5m', '1h']",1.0,,,,,,,,,
2025-08-27T11:44:29+00:00,2025-08-27,TRADE_INTENT_NEW,S20250827-23908,,,ETHUSDT,,,,,,,,,,,,,,,,,,,,,,,,,,,,,,,,,,,,,,,,,,,,,,,,,,,,,,,,,,,,,,,,,,,,,,,,,,,,,,
2025-08-27T11:44:29+00:00,2025-08-27,ANALYSIS_SNAPSHOT,S20250827-23908,,,ETHUSDT,,,,,,,,,,,,,,,,,,,,,,,,,,55.97470894635804,,,,,,,,,,,,,,,,,,,,,,,,,,,,,,,,,,,,,,,live,testnet,0.16702166905433866,"['1m', '5m', '1h']",1.0,,,,,,,,,
2025-08-27T11:44:42+00:00,2025-08-27,TRADE_INTENT_CANCELLED,S20250827-23908,,,BTCUSDT,,,,,,,,,,,,,,,,,,,,,,,,,,,,,,,,,,,,,,,,,,,,,,,,,,,,,,,,,,,,,,,,,,,,,,,,,,,,,,
2025-08-27T11:44:45+00:00,2025-08-27,TRADE_INTENT_CANCELLED,S20250827-23908,,,ETHUSDT,,,,,,,,,,,,,,,,,,,,,,,,,,,,,,,,,,,,,,,,,,,,,,,,,,,,,,,,,,,,,,,,,,,,,,,,,,,,,,
2025-08-27T11:44:55+00:00,2025-08-27,TRADE_INTENT_NEW,S20250827-23908,,,BTCUSDT,,,,,,,,,,,,,,,,,,,,,,,,,,,,,,,,,,,,,,,,,,,,,,,,,,,,,,,,,,,,,,,,,,,,,,,,,,,,,,
2025-08-27T11:44:55+00:00,2025-08-27,ANALYSIS_SNAPSHOT,S20250827-23908,,,BTCUSDT,,,,,,,,,,,,,,,,,,,,,,,,,,57.67862490102163,,,,,,,,,,,,,,,,,,,,,,,,,,,,,,,,,,,,,,,live,testnet,0.0016259637078376524,"['1m', '5m', '1h']",1.0,,,,,,,,,
2025-08-27T11:44:57+00:00,2025-08-27,TRADE_INTENT_NEW,S20250827-23908,,,ETHUSDT,,,,,,,,,,,,,,,,,,,,,,,,,,,,,,,,,,,,,,,,,,,,,,,,,,,,,,,,,,,,,,,,,,,,,,,,,,,,,,
2025-08-27T11:44:57+00:00,2025-08-27,ANALYSIS_SNAPSHOT,S20250827-23908,,,ETHUSDT,,,,,,,,,,,,,,,,,,,,,,,,,,55.97470894635804,,,,,,,,,,,,,,,,,,,,,,,,,,,,,,,,,,,,,,,live,testnet,0.0,"['1m', '5m', '1h']",1.0,,,,,,,,,
2025-08-27T11:45:11+00:00,2025-08-27,TRADE_INTENT_CANCELLED,S20250827-23908,,,BTCUSDT,,,,,,,,,,,,,,,,,,,,,,,,,,,,,,,,,,,,,,,,,,,,,,,,,,,,,,,,,,,,,,,,,,,,,,,,,,,,,,
2025-08-27T11:45:12+00:00,2025-08-27,TRADE_INTENT_CANCELLED,S20250827-23908,,,ETHUSDT,,,,,,,,,,,,,,,,,,,,,,,,,,,,,,,,,,,,,,,,,,,,,,,,,,,,,,,,,,,,,,,,,,,,,,,,,,,,,,
2025-08-27T11:45:26+00:00,2025-08-27,TRADE_INTENT_NEW,S20250827-23908,,,BTCUSDT,,,,,,,,,,,,,,,,,,,,,,,,,,,,,,,,,,,,,,,,,,,,,,,,,,,,,,,,,,,,,,,,,,,,,,,,,,,,,,
2025-08-27T11:45:26+00:00,2025-08-27,ANALYSIS_SNAPSHOT,S20250827-23908,,,BTCUSDT,,,,,,,,,,,,,,,,,,,,,,,,,,57.67862490102163,,,,,,,,,,,,,,,,,,,,,,,,,,,,,,,,,,,,,,,live,testnet,0.0,"['1m', '5m', '1h']",1.0,,,,,,,,,
2025-08-27T11:45:27+00:00,2025-08-27,TRADE_INTENT_NEW,S20250827-23908,,,ETHUSDT,,,,,,,,,,,,,,,,,,,,,,,,,,,,,,,,,,,,,,,,,,,,,,,,,,,,,,,,,,,,,,,,,,,,,,,,,,,,,,
2025-08-27T11:45:27+00:00,2025-08-27,ANALYSIS_SNAPSHOT,S20250827-23908,,,ETHUSDT,,,,,,,,,,,,,,,,,,,,,,,,,,55.97470894635804,,,,,,,,,,,,,,,,,,,,,,,,,,,,,,,,,,,,,,,live,testnet,0.08728286080015923,"['1m', '5m', '1h']",1.0,,,,,,,,,
2025-08-27T11:45:41+00:00,2025-08-27,TRADE_INTENT_CANCELLED,S20250827-23908,,,BTCUSDT,,,,,,,,,,,,,,,,,,,,,,,,,,,,,,,,,,,,,,,,,,,,,,,,,,,,,,,,,,,,,,,,,,,,,,,,,,,,,,
2025-08-27T11:45:43+00:00,2025-08-27,TRADE_INTENT_CANCELLED,S20250827-23908,,,ETHUSDT,,,,,,,,,,,,,,,,,,,,,,,,,,,,,,,,,,,,,,,,,,,,,,,,,,,,,,,,,,,,,,,,,,,,,,,,,,,,,,
2025-08-27T11:45:57+00:00,2025-08-27,TRADE_INTENT_NEW,S20250827-23908,,,BTCUSDT,,,,,,,,,,,,,,,,,,,,,,,,,,,,,,,,,,,,,,,,,,,,,,,,,,,,,,,,,,,,,,,,,,,,,,,,,,,,,,
2025-08-27T11:45:57+00:00,2025-08-27,ANALYSIS_SNAPSHOT,S20250827-23908,,,BTCUSDT,,,,,,,,,,,,,,,,,,,,,,,,,,57.67862490102163,,,,,,,,,,,,,,,,,,,,,,,,,,,,,,,,,,,,,,,live,testnet,0.044929460069638945,"['1m', '5m', '1h']",1.0,,,,,,,,,
2025-08-27T11:45:59+00:00,2025-08-27,TRADE_INTENT_NEW,S20250827-23908,,,ETHUSDT,,,,,,,,,,,,,,,,,,,,,,,,,,,,,,,,,,,,,,,,,,,,,,,,,,,,,,,,,,,,,,,,,,,,,,,,,,,,,,
2025-08-27T11:45:59+00:00,2025-08-27,ANALYSIS_SNAPSHOT,S20250827-23908,,,ETHUSDT,,,,,,,,,,,,,,,,,,,,,,,,,,55.97470894635804,,,,,,,,,,,,,,,,,,,,,,,,,,,,,,,,,,,,,,,live,testnet,0.028958998661679763,"['1m', '5m', '1h']",1.0,,,,,,,,,
2025-08-27T11:46:12+00:00,2025-08-27,TRADE_INTENT_CANCELLED,S20250827-23908,,,BTCUSDT,,,,,,,,,,,,,,,,,,,,,,,,,,,,,,,,,,,,,,,,,,,,,,,,,,,,,,,,,,,,,,,,,,,,,,,,,,,,,,
2025-08-27T11:46:14+00:00,2025-08-27,TRADE_INTENT_CANCELLED,S20250827-23908,,,ETHUSDT,,,,,,,,,,,,,,,,,,,,,,,,,,,,,,,,,,,,,,,,,,,,,,,,,,,,,,,,,,,,,,,,,,,,,,,,,,,,,,
2025-08-27T11:46:27+00:00,2025-08-27,TRADE_INTENT_NEW,S20250827-23908,,,BTCUSDT,,,,,,,,,,,,,,,,,,,,,,,,,,,,,,,,,,,,,,,,,,,,,,,,,,,,,,,,,,,,,,,,,,,,,,,,,,,,,,
2025-08-27T11:46:27+00:00,2025-08-27,ANALYSIS_SNAPSHOT,S20250827-23908,,,BTCUSDT,,,,,,,,,,,,,,,,,,,,,,,,,,57.67862490102163,,,,,,,,,,,,,,,,,,,,,,,,,,,,,,,,,,,,,,,live,testnet,0.03195638032954936,"['1m', '5m', '1h']",1.0,,,,,,,,,
2025-08-27T11:46:28+00:00,2025-08-27,TRADE_INTENT_NEW,S20250827-23908,,,ETHUSDT,,,,,,,,,,,,,,,,,,,,,,,,,,,,,,,,,,,,,,,,,,,,,,,,,,,,,,,,,,,,,,,,,,,,,,,,,,,,,,
2025-08-27T11:46:28+00:00,2025-08-27,ANALYSIS_SNAPSHOT,S20250827-23908,,,ETHUSDT,,,,,,,,,,,,,,,,,,,,,,,,,,55.97470894635804,,,,,,,,,,,,,,,,,,,,,,,,,,,,,,,,,,,,,,,live,testnet,0.21492119404468474,"['1m', '5m', '1h']",1.0,,,,,,,,,
2025-08-27T11:46:43+00:00,2025-08-27,TRADE_INTENT_CANCELLED,S20250827-23908,,,BTCUSDT,,,,,,,,,,,,,,,,,,,,,,,,,,,,,,,,,,,,,,,,,,,,,,,,,,,,,,,,,,,,,,,,,,,,,,,,,,,,,,
2025-08-27T11:46:44+00:00,2025-08-27,TRADE_INTENT_CANCELLED,S20250827-23908,,,ETHUSDT,,,,,,,,,,,,,,,,,,,,,,,,,,,,,,,,,,,,,,,,,,,,,,,,,,,,,,,,,,,,,,,,,,,,,,,,,,,,,,
2025-08-27T11:46:58+00:00,2025-08-27,TRADE_INTENT_NEW,S20250827-23908,,,BTCUSDT,,,,,,,,,,,,,,,,,,,,,,,,,,,,,,,,,,,,,,,,,,,,,,,,,,,,,,,,,,,,,,,,,,,,,,,,,,,,,,
2025-08-27T11:46:58+00:00,2025-08-27,ANALYSIS_SNAPSHOT,S20250827-23908,,,BTCUSDT,,,,,,,,,,,,,,,,,,,,,,,,,,57.67862490102163,,,,,,,,,,,,,,,,,,,,,,,,,,,,,,,,,,,,,,,live,testnet,0.049230028648646375,"['1m', '5m', '1h']",1.0,,,,,,,,,
2025-08-27T11:46:59+00:00,2025-08-27,TRADE_INTENT_NEW,S20250827-23908,,,ETHUSDT,,,,,,,,,,,,,,,,,,,,,,,,,,,,,,,,,,,,,,,,,,,,,,,,,,,,,,,,,,,,,,,,,,,,,,,,,,,,,,
2025-08-27T11:46:59+00:00,2025-08-27,ANALYSIS_SNAPSHOT,S20250827-23908,,,ETHUSDT,,,,,,,,,,,,,,,,,,,,,,,,,,55.97470894635804,,,,,,,,,,,,,,,,,,,,,,,,,,,,,,,,,,,,,,,live,testnet,0.0,"['1m', '5m', '1h']",1.0,,,,,,,,,
2025-08-27T11:47:13+00:00,2025-08-27,TRADE_INTENT_CANCELLED,S20250827-23908,,,BTCUSDT,,,,,,,,,,,,,,,,,,,,,,,,,,,,,,,,,,,,,,,,,,,,,,,,,,,,,,,,,,,,,,,,,,,,,,,,,,,,,,
2025-08-27T11:47:15+00:00,2025-08-27,TRADE_INTENT_CANCELLED,S20250827-23908,,,ETHUSDT,,,,,,,,,,,,,,,,,,,,,,,,,,,,,,,,,,,,,,,,,,,,,,,,,,,,,,,,,,,,,,,,,,,,,,,,,,,,,,
2025-08-27T11:47:28+00:00,2025-08-27,TRADE_INTENT_NEW,S20250827-23908,,,BTCUSDT,,,,,,,,,,,,,,,,,,,,,,,,,,,,,,,,,,,,,,,,,,,,,,,,,,,,,,,,,,,,,,,,,,,,,,,,,,,,,,
2025-08-27T11:47:28+00:00,2025-08-27,ANALYSIS_SNAPSHOT,S20250827-23908,,,BTCUSDT,,,,,,,,,,,,,,,,,,,,,,,,,,57.67862490102163,,,,,,,,,,,,,,,,,,,,,,,,,,,,,,,,,,,,,,,live,testnet,0.054423497230799145,"['1m', '5m', '1h']",1.0,,,,,,,,,
2025-08-27T11:47:29+00:00,2025-08-27,TRADE_INTENT_NEW,S20250827-23908,,,ETHUSDT,,,,,,,,,,,,,,,,,,,,,,,,,,,,,,,,,,,,,,,,,,,,,,,,,,,,,,,,,,,,,,,,,,,,,,,,,,,,,,
2025-08-27T11:47:29+00:00,2025-08-27,ANALYSIS_SNAPSHOT,S20250827-23908,,,ETHUSDT,,,,,,,,,,,,,,,,,,,,,,,,,,55.97470894635804,,,,,,,,,,,,,,,,,,,,,,,,,,,,,,,,,,,,,,,live,testnet,0.0,"['1m', '5m', '1h']",1.0,,,,,,,,,
2025-08-27T11:47:43+00:00,2025-08-27,TRADE_INTENT_CANCELLED,S20250827-23908,,,BTCUSDT,,,,,,,,,,,,,,,,,,,,,,,,,,,,,,,,,,,,,,,,,,,,,,,,,,,,,,,,,,,,,,,,,,,,,,,,,,,,,,
2025-08-27T11:47:45+00:00,2025-08-27,TRADE_INTENT_CANCELLED,S20250827-23908,,,ETHUSDT,,,,,,,,,,,,,,,,,,,,,,,,,,,,,,,,,,,,,,,,,,,,,,,,,,,,,,,,,,,,,,,,,,,,,,,,,,,,,,
2025-08-27T11:47:58+00:00,2025-08-27,TRADE_INTENT_NEW,S20250827-23908,,,BTCUSDT,,,,,,,,,,,,,,,,,,,,,,,,,,,,,,,,,,,,,,,,,,,,,,,,,,,,,,,,,,,,,,,,,,,,,,,,,,,,,,
2025-08-27T11:47:58+00:00,2025-08-27,ANALYSIS_SNAPSHOT,S20250827-23908,,,BTCUSDT,,,,,,,,,,,,,,,,,,,,,,,,,,57.67862490102163,,,,,,,,,,,,,,,,,,,,,,,,,,,,,,,,,,,,,,,live,testnet,0.13594702770954445,"['1m', '5m', '1h']",1.0,,,,,,,,,
2025-08-27T11:47:59+00:00,2025-08-27,TRADE_INTENT_NEW,S20250827-23908,,,ETHUSDT,,,,,,,,,,,,,,,,,,,,,,,,,,,,,,,,,,,,,,,,,,,,,,,,,,,,,,,,,,,,,,,,,,,,,,,,,,,,,,
2025-08-27T11:47:59+00:00,2025-08-27,ANALYSIS_SNAPSHOT,S20250827-23908,,,ETHUSDT,,,,,,,,,,,,,,,,,,,,,,,,,,55.97470894635804,,,,,,,,,,,,,,,,,,,,,,,,,,,,,,,,,,,,,,,live,testnet,0.015397927064934137,"['1m', '5m', '1h']",1.0,,,,,,,,,
2025-08-27T11:48:13+00:00,2025-08-27,TRADE_INTENT_CANCELLED,S20250827-23908,,,BTCUSDT,,,,,,,,,,,,,,,,,,,,,,,,,,,,,,,,,,,,,,,,,,,,,,,,,,,,,,,,,,,,,,,,,,,,,,,,,,,,,,
2025-08-27T11:48:14+00:00,2025-08-27,TRADE_INTENT_CANCELLED,S20250827-23908,,,ETHUSDT,,,,,,,,,,,,,,,,,,,,,,,,,,,,,,,,,,,,,,,,,,,,,,,,,,,,,,,,,,,,,,,,,,,,,,,,,,,,,,
2025-08-27T11:48:29+00:00,2025-08-27,TRADE_INTENT_NEW,S20250827-23908,,,BTCUSDT,,,,,,,,,,,,,,,,,,,,,,,,,,,,,,,,,,,,,,,,,,,,,,,,,,,,,,,,,,,,,,,,,,,,,,,,,,,,,,
2025-08-27T11:48:29+00:00,2025-08-27,ANALYSIS_SNAPSHOT,S20250827-23908,,,BTCUSDT,,,,,,,,,,,,,,,,,,,,,,,,,,57.67862490102163,,,,,,,,,,,,,,,,,,,,,,,,,,,,,,,,,,,,,,,live,testnet,0.0,"['1m', '5m', '1h']",1.0,,,,,,,,,
2025-08-27T11:48:30+00:00,2025-08-27,TRADE_INTENT_NEW,S20250827-23908,,,ETHUSDT,,,,,,,,,,,,,,,,,,,,,,,,,,,,,,,,,,,,,,,,,,,,,,,,,,,,,,,,,,,,,,,,,,,,,,,,,,,,,,
2025-08-27T11:48:30+00:00,2025-08-27,ANALYSIS_SNAPSHOT,S20250827-23908,,,ETHUSDT,,,,,,,,,,,,,,,,,,,,,,,,,,55.97470894635804,,,,,,,,,,,,,,,,,,,,,,,,,,,,,,,,,,,,,,,live,testnet,0.05035668529125656,"['1m', '5m', '1h']",1.0,,,,,,,,,
2025-08-27T11:48:44+00:00,2025-08-27,TRADE_INTENT_CANCELLED,S20250827-23908,,,BTCUSDT,,,,,,,,,,,,,,,,,,,,,,,,,,,,,,,,,,,,,,,,,,,,,,,,,,,,,,,,,,,,,,,,,,,,,,,,,,,,,,
2025-08-27T11:48:46+00:00,2025-08-27,TRADE_INTENT_CANCELLED,S20250827-23908,,,ETHUSDT,,,,,,,,,,,,,,,,,,,,,,,,,,,,,,,,,,,,,,,,,,,,,,,,,,,,,,,,,,,,,,,,,,,,,,,,,,,,,,
2025-08-27T11:48:59+00:00,2025-08-27,TRADE_INTENT_NEW,S20250827-23908,,,BTCUSDT,,,,,,,,,,,,,,,,,,,,,,,,,,,,,,,,,,,,,,,,,,,,,,,,,,,,,,,,,,,,,,,,,,,,,,,,,,,,,,
2025-08-27T11:48:59+00:00,2025-08-27,ANALYSIS_SNAPSHOT,S20250827-23908,,,BTCUSDT,,,,,,,,,,,,,,,,,,,,,,,,,,57.67862490102163,,,,,,,,,,,,,,,,,,,,,,,,,,,,,,,,,,,,,,,live,testnet,0.0061681466393545175,"['1m', '5m', '1h']",1.0,,,,,,,,,
2025-08-27T11:49:01+00:00,2025-08-27,TRADE_INTENT_NEW,S20250827-23908,,,ETHUSDT,,,,,,,,,,,,,,,,,,,,,,,,,,,,,,,,,,,,,,,,,,,,,,,,,,,,,,,,,,,,,,,,,,,,,,,,,,,,,,
2025-08-27T11:49:01+00:00,2025-08-27,ANALYSIS_SNAPSHOT,S20250827-23908,,,ETHUSDT,,,,,,,,,,,,,,,,,,,,,,,,,,55.97470894635804,,,,,,,,,,,,,,,,,,,,,,,,,,,,,,,,,,,,,,,live,testnet,0.0,"['1m', '5m', '1h']",1.0,,,,,,,,,
2025-08-27T11:49:15+00:00,2025-08-27,TRADE_INTENT_CANCELLED,S20250827-23908,,,BTCUSDT,,,,,,,,,,,,,,,,,,,,,,,,,,,,,,,,,,,,,,,,,,,,,,,,,,,,,,,,,,,,,,,,,,,,,,,,,,,,,,
2025-08-27T11:49:16+00:00,2025-08-27,TRADE_INTENT_CANCELLED,S20250827-23908,,,ETHUSDT,,,,,,,,,,,,,,,,,,,,,,,,,,,,,,,,,,,,,,,,,,,,,,,,,,,,,,,,,,,,,,,,,,,,,,,,,,,,,,
2025-08-27T11:49:31+00:00,2025-08-27,TRADE_INTENT_NEW,S20250827-23908,,,BTCUSDT,,,,,,,,,,,,,,,,,,,,,,,,,,,,,,,,,,,,,,,,,,,,,,,,,,,,,,,,,,,,,,,,,,,,,,,,,,,,,,
2025-08-27T11:49:31+00:00,2025-08-27,ANALYSIS_SNAPSHOT,S20250827-23908,,,BTCUSDT,,,,,,,,,,,,,,,,,,,,,,,,,,57.67862490102163,,,,,,,,,,,,,,,,,,,,,,,,,,,,,,,,,,,,,,,live,testnet,0.0,"['1m', '5m', '1h']",1.0,,,,,,,,,
2025-08-27T11:49:33+00:00,2025-08-27,TRADE_INTENT_NEW,S20250827-23908,,,ETHUSDT,,,,,,,,,,,,,,,,,,,,,,,,,,,,,,,,,,,,,,,,,,,,,,,,,,,,,,,,,,,,,,,,,,,,,,,,,,,,,,
2025-08-27T11:49:33+00:00,2025-08-27,ANALYSIS_SNAPSHOT,S20250827-23908,,,ETHUSDT,,,,,,,,,,,,,,,,,,,,,,,,,,55.97470894635804,,,,,,,,,,,,,,,,,,,,,,,,,,,,,,,,,,,,,,,live,testnet,0.0,"['1m', '5m', '1h']",1.0,,,,,,,,,
2025-08-27T11:49:47+00:00,2025-08-27,TRADE_INTENT_CANCELLED,S20250827-23908,,,BTCUSDT,,,,,,,,,,,,,,,,,,,,,,,,,,,,,,,,,,,,,,,,,,,,,,,,,,,,,,,,,,,,,,,,,,,,,,,,,,,,,,
2025-08-27T11:49:49+00:00,2025-08-27,TRADE_INTENT_CANCELLED,S20250827-23908,,,ETHUSDT,,,,,,,,,,,,,,,,,,,,,,,,,,,,,,,,,,,,,,,,,,,,,,,,,,,,,,,,,,,,,,,,,,,,,,,,,,,,,,
2025-08-27T11:50:01+00:00,2025-08-27,TRADE_INTENT_NEW,S20250827-23908,,,BTCUSDT,,,,,,,,,,,,,,,,,,,,,,,,,,,,,,,,,,,,,,,,,,,,,,,,,,,,,,,,,,,,,,,,,,,,,,,,,,,,,,
2025-08-27T11:50:01+00:00,2025-08-27,ANALYSIS_SNAPSHOT,S20250827-23908,,,BTCUSDT,,,,,,,,,,,,,,,,,,,,,,,,,,57.67862490102163,,,,,,,,,,,,,,,,,,,,,,,,,,,,,,,,,,,,,,,live,testnet,0.0,"['1m', '5m', '1h']",1.0,,,,,,,,,
2025-08-27T11:50:02+00:00,2025-08-27,TRADE_INTENT_NEW,S20250827-23908,,,ETHUSDT,,,,,,,,,,,,,,,,,,,,,,,,,,,,,,,,,,,,,,,,,,,,,,,,,,,,,,,,,,,,,,,,,,,,,,,,,,,,,,
2025-08-27T11:50:02+00:00,2025-08-27,ANALYSIS_SNAPSHOT,S20250827-23908,,,ETHUSDT,,,,,,,,,,,,,,,,,,,,,,,,,,55.97470894635804,,,,,,,,,,,,,,,,,,,,,,,,,,,,,,,,,,,,,,,live,testnet,0.0,"['1m', '5m', '1h']",1.0,,,,,,,,,
2025-08-27T11:50:16+00:00,2025-08-27,TRADE_INTENT_CANCELLED,S20250827-23908,,,BTCUSDT,,,,,,,,,,,,,,,,,,,,,,,,,,,,,,,,,,,,,,,,,,,,,,,,,,,,,,,,,,,,,,,,,,,,,,,,,,,,,,
2025-08-27T11:50:17+00:00,2025-08-27,TRADE_INTENT_CANCELLED,S20250827-23908,,,ETHUSDT,,,,,,,,,,,,,,,,,,,,,,,,,,,,,,,,,,,,,,,,,,,,,,,,,,,,,,,,,,,,,,,,,,,,,,,,,,,,,,
2025-08-27T11:50:31+00:00,2025-08-27,TRADE_INTENT_NEW,S20250827-23908,,,BTCUSDT,,,,,,,,,,,,,,,,,,,,,,,,,,,,,,,,,,,,,,,,,,,,,,,,,,,,,,,,,,,,,,,,,,,,,,,,,,,,,,
2025-08-27T11:50:31+00:00,2025-08-27,ANALYSIS_SNAPSHOT,S20250827-23908,,,BTCUSDT,,,,,,,,,,,,,,,,,,,,,,,,,,57.67862490102163,,,,,,,,,,,,,,,,,,,,,,,,,,,,,,,,,,,,,,,live,testnet,0.0,"['1m', '5m', '1h']",1.0,,,,,,,,,
2025-08-27T11:50:33+00:00,2025-08-27,TRADE_INTENT_NEW,S20250827-23908,,,ETHUSDT,,,,,,,,,,,,,,,,,,,,,,,,,,,,,,,,,,,,,,,,,,,,,,,,,,,,,,,,,,,,,,,,,,,,,,,,,,,,,,
2025-08-27T11:50:33+00:00,2025-08-27,ANALYSIS_SNAPSHOT,S20250827-23908,,,ETHUSDT,,,,,,,,,,,,,,,,,,,,,,,,,,55.97470894635804,,,,,,,,,,,,,,,,,,,,,,,,,,,,,,,,,,,,,,,live,testnet,0.14206300448543815,"['1m', '5m', '1h']",1.0,,,,,,,,,
2025-08-27T11:50:47+00:00,2025-08-27,TRADE_INTENT_CANCELLED,S20250827-23908,,,BTCUSDT,,,,,,,,,,,,,,,,,,,,,,,,,,,,,,,,,,,,,,,,,,,,,,,,,,,,,,,,,,,,,,,,,,,,,,,,,,,,,,
2025-08-27T11:50:48+00:00,2025-08-27,TRADE_INTENT_CANCELLED,S20250827-23908,,,ETHUSDT,,,,,,,,,,,,,,,,,,,,,,,,,,,,,,,,,,,,,,,,,,,,,,,,,,,,,,,,,,,,,,,,,,,,,,,,,,,,,,
2025-08-27T11:51:02+00:00,2025-08-27,TRADE_INTENT_NEW,S20250827-23908,,,BTCUSDT,,,,,,,,,,,,,,,,,,,,,,,,,,,,,,,,,,,,,,,,,,,,,,,,,,,,,,,,,,,,,,,,,,,,,,,,,,,,,,
2025-08-27T11:51:02+00:00,2025-08-27,ANALYSIS_SNAPSHOT,S20250827-23908,,,BTCUSDT,,,,,,,,,,,,,,,,,,,,,,,,,,57.67862490102163,,,,,,,,,,,,,,,,,,,,,,,,,,,,,,,,,,,,,,,live,testnet,0.0,"['1m', '5m', '1h']",1.0,,,,,,,,,
2025-08-27T11:51:03+00:00,2025-08-27,TRADE_INTENT_NEW,S20250827-23908,,,ETHUSDT,,,,,,,,,,,,,,,,,,,,,,,,,,,,,,,,,,,,,,,,,,,,,,,,,,,,,,,,,,,,,,,,,,,,,,,,,,,,,,
2025-08-27T11:51:03+00:00,2025-08-27,ANALYSIS_SNAPSHOT,S20250827-23908,,,ETHUSDT,,,,,,,,,,,,,,,,,,,,,,,,,,55.97470894635804,,,,,,,,,,,,,,,,,,,,,,,,,,,,,,,,,,,,,,,live,testnet,0.0,"['1m', '5m', '1h']",1.0,,,,,,,,,
2025-08-27T11:51:17+00:00,2025-08-27,TRADE_INTENT_CANCELLED,S20250827-23908,,,BTCUSDT,,,,,,,,,,,,,,,,,,,,,,,,,,,,,,,,,,,,,,,,,,,,,,,,,,,,,,,,,,,,,,,,,,,,,,,,,,,,,,
2025-08-27T11:51:19+00:00,2025-08-27,TRADE_INTENT_CANCELLED,S20250827-23908,,,ETHUSDT,,,,,,,,,,,,,,,,,,,,,,,,,,,,,,,,,,,,,,,,,,,,,,,,,,,,,,,,,,,,,,,,,,,,,,,,,,,,,,
2025-08-27T11:51:33+00:00,2025-08-27,TRADE_INTENT_NEW,S20250827-23908,,,BTCUSDT,,,,,,,,,,,,,,,,,,,,,,,,,,,,,,,,,,,,,,,,,,,,,,,,,,,,,,,,,,,,,,,,,,,,,,,,,,,,,,
2025-08-27T11:51:33+00:00,2025-08-27,ANALYSIS_SNAPSHOT,S20250827-23908,,,BTCUSDT,,,,,,,,,,,,,,,,,,,,,,,,,,57.67862490102163,,,,,,,,,,,,,,,,,,,,,,,,,,,,,,,,,,,,,,,live,testnet,0.0,"['1m', '5m', '1h']",1.0,,,,,,,,,
2025-08-27T11:51:34+00:00,2025-08-27,TRADE_INTENT_NEW,S20250827-23908,,,ETHUSDT,,,,,,,,,,,,,,,,,,,,,,,,,,,,,,,,,,,,,,,,,,,,,,,,,,,,,,,,,,,,,,,,,,,,,,,,,,,,,,
2025-08-27T11:51:34+00:00,2025-08-27,ANALYSIS_SNAPSHOT,S20250827-23908,,,ETHUSDT,,,,,,,,,,,,,,,,,,,,,,,,,,55.97470894635804,,,,,,,,,,,,,,,,,,,,,,,,,,,,,,,,,,,,,,,live,testnet,0.0,"['1m', '5m', '1h']",1.0,,,,,,,,,
2025-08-27T11:51:49+00:00,2025-08-27,TRADE_INTENT_CANCELLED,S20250827-23908,,,BTCUSDT,,,,,,,,,,,,,,,,,,,,,,,,,,,,,,,,,,,,,,,,,,,,,,,,,,,,,,,,,,,,,,,,,,,,,,,,,,,,,,
2025-08-27T11:51:50+00:00,2025-08-27,TRADE_INTENT_CANCELLED,S20250827-23908,,,ETHUSDT,,,,,,,,,,,,,,,,,,,,,,,,,,,,,,,,,,,,,,,,,,,,,,,,,,,,,,,,,,,,,,,,,,,,,,,,,,,,,,
2025-08-27T11:52:04+00:00,2025-08-27,TRADE_INTENT_NEW,S20250827-23908,,,BTCUSDT,,,,,,,,,,,,,,,,,,,,,,,,,,,,,,,,,,,,,,,,,,,,,,,,,,,,,,,,,,,,,,,,,,,,,,,,,,,,,,
2025-08-27T11:52:04+00:00,2025-08-27,ANALYSIS_SNAPSHOT,S20250827-23908,,,BTCUSDT,,,,,,,,,,,,,,,,,,,,,,,,,,57.67862490102163,,,,,,,,,,,,,,,,,,,,,,,,,,,,,,,,,,,,,,,live,testnet,0.5651660399456743,"['1m', '5m', '1h']",1.0,,,,,,,,,
2025-08-27T11:52:05+00:00,2025-08-27,TRADE_INTENT_NEW,S20250827-23908,,,ETHUSDT,,,,,,,,,,,,,,,,,,,,,,,,,,,,,,,,,,,,,,,,,,,,,,,,,,,,,,,,,,,,,,,,,,,,,,,,,,,,,,
2025-08-27T11:52:05+00:00,2025-08-27,ANALYSIS_SNAPSHOT,S20250827-23908,,,ETHUSDT,,,,,,,,,,,,,,,,,,,,,,,,,,55.97470894635804,,,,,,,,,,,,,,,,,,,,,,,,,,,,,,,,,,,,,,,live,testnet,0.138505341409917,"['1m', '5m', '1h']",1.0,,,,,,,,,
2025-08-27T11:52:20+00:00,2025-08-27,TRADE_INTENT_CANCELLED,S20250827-23908,,,BTCUSDT,,,,,,,,,,,,,,,,,,,,,,,,,,,,,,,,,,,,,,,,,,,,,,,,,,,,,,,,,,,,,,,,,,,,,,,,,,,,,,
2025-08-27T11:52:21+00:00,2025-08-27,TRADE_INTENT_CANCELLED,S20250827-23908,,,ETHUSDT,,,,,,,,,,,,,,,,,,,,,,,,,,,,,,,,,,,,,,,,,,,,,,,,,,,,,,,,,,,,,,,,,,,,,,,,,,,,,,
2025-08-27T11:52:36+00:00,2025-08-27,TRADE_INTENT_NEW,S20250827-23908,,,BTCUSDT,,,,,,,,,,,,,,,,,,,,,,,,,,,,,,,,,,,,,,,,,,,,,,,,,,,,,,,,,,,,,,,,,,,,,,,,,,,,,,
2025-08-27T11:52:36+00:00,2025-08-27,ANALYSIS_SNAPSHOT,S20250827-23908,,,BTCUSDT,,,,,,,,,,,,,,,,,,,,,,,,,,57.67862490102163,,,,,,,,,,,,,,,,,,,,,,,,,,,,,,,,,,,,,,,live,testnet,0.0,"['1m', '5m', '1h']",1.0,,,,,,,,,
2025-08-27T11:52:37+00:00,2025-08-27,TRADE_INTENT_NEW,S20250827-23908,,,ETHUSDT,,,,,,,,,,,,,,,,,,,,,,,,,,,,,,,,,,,,,,,,,,,,,,,,,,,,,,,,,,,,,,,,,,,,,,,,,,,,,,
2025-08-27T11:52:37+00:00,2025-08-27,ANALYSIS_SNAPSHOT,S20250827-23908,,,ETHUSDT,,,,,,,,,,,,,,,,,,,,,,,,,,55.97470894635804,,,,,,,,,,,,,,,,,,,,,,,,,,,,,,,,,,,,,,,live,testnet,0.0,"['1m', '5m', '1h']",1.0,,,,,,,,,
2025-08-27T11:52:51+00:00,2025-08-27,TRADE_INTENT_CANCELLED,S20250827-23908,,,BTCUSDT,,,,,,,,,,,,,,,,,,,,,,,,,,,,,,,,,,,,,,,,,,,,,,,,,,,,,,,,,,,,,,,,,,,,,,,,,,,,,,
2025-08-27T11:52:53+00:00,2025-08-27,TRADE_INTENT_CANCELLED,S20250827-23908,,,ETHUSDT,,,,,,,,,,,,,,,,,,,,,,,,,,,,,,,,,,,,,,,,,,,,,,,,,,,,,,,,,,,,,,,,,,,,,,,,,,,,,,
2025-08-27T11:53:05+00:00,2025-08-27,TRADE_INTENT_NEW,S20250827-23908,,,BTCUSDT,,,,,,,,,,,,,,,,,,,,,,,,,,,,,,,,,,,,,,,,,,,,,,,,,,,,,,,,,,,,,,,,,,,,,,,,,,,,,,
2025-08-27T11:53:05+00:00,2025-08-27,ANALYSIS_SNAPSHOT,S20250827-23908,,,BTCUSDT,,,,,,,,,,,,,,,,,,,,,,,,,,57.67862490102163,,,,,,,,,,,,,,,,,,,,,,,,,,,,,,,,,,,,,,,live,testnet,0.10513793958061292,"['1m', '5m', '1h']",1.0,,,,,,,,,
2025-08-27T11:53:06+00:00,2025-08-27,TRADE_INTENT_NEW,S20250827-23908,,,ETHUSDT,,,,,,,,,,,,,,,,,,,,,,,,,,,,,,,,,,,,,,,,,,,,,,,,,,,,,,,,,,,,,,,,,,,,,,,,,,,,,,
2025-08-27T11:53:06+00:00,2025-08-27,ANALYSIS_SNAPSHOT,S20250827-23908,,,ETHUSDT,,,,,,,,,,,,,,,,,,,,,,,,,,55.97470894635804,,,,,,,,,,,,,,,,,,,,,,,,,,,,,,,,,,,,,,,live,testnet,0.2296167662981875,"['1m', '5m', '1h']",1.0,,,,,,,,,
2025-08-27T11:53:20+00:00,2025-08-27,TRADE_INTENT_CANCELLED,S20250827-23908,,,BTCUSDT,,,,,,,,,,,,,,,,,,,,,,,,,,,,,,,,,,,,,,,,,,,,,,,,,,,,,,,,,,,,,,,,,,,,,,,,,,,,,,
2025-08-27T11:53:22+00:00,2025-08-27,TRADE_INTENT_CANCELLED,S20250827-23908,,,ETHUSDT,,,,,,,,,,,,,,,,,,,,,,,,,,,,,,,,,,,,,,,,,,,,,,,,,,,,,,,,,,,,,,,,,,,,,,,,,,,,,,
2025-08-27T11:53:35+00:00,2025-08-27,TRADE_INTENT_NEW,S20250827-23908,,,BTCUSDT,,,,,,,,,,,,,,,,,,,,,,,,,,,,,,,,,,,,,,,,,,,,,,,,,,,,,,,,,,,,,,,,,,,,,,,,,,,,,,
2025-08-27T11:53:35+00:00,2025-08-27,ANALYSIS_SNAPSHOT,S20250827-23908,,,BTCUSDT,,,,,,,,,,,,,,,,,,,,,,,,,,57.67862490102163,,,,,,,,,,,,,,,,,,,,,,,,,,,,,,,,,,,,,,,live,testnet,0.05227541945166593,"['1m', '5m', '1h']",1.0,,,,,,,,,
2025-08-27T11:53:36+00:00,2025-08-27,TRADE_INTENT_NEW,S20250827-23908,,,ETHUSDT,,,,,,,,,,,,,,,,,,,,,,,,,,,,,,,,,,,,,,,,,,,,,,,,,,,,,,,,,,,,,,,,,,,,,,,,,,,,,,
2025-08-27T11:53:36+00:00,2025-08-27,ANALYSIS_SNAPSHOT,S20250827-23908,,,ETHUSDT,,,,,,,,,,,,,,,,,,,,,,,,,,55.97470894635804,,,,,,,,,,,,,,,,,,,,,,,,,,,,,,,,,,,,,,,live,testnet,0.044401455128544175,"['1m', '5m', '1h']",1.0,,,,,,,,,
2025-08-27T11:53:50+00:00,2025-08-27,TRADE_INTENT_CANCELLED,S20250827-23908,,,BTCUSDT,,,,,,,,,,,,,,,,,,,,,,,,,,,,,,,,,,,,,,,,,,,,,,,,,,,,,,,,,,,,,,,,,,,,,,,,,,,,,,
2025-08-27T11:53:51+00:00,2025-08-27,TRADE_INTENT_CANCELLED,S20250827-23908,,,ETHUSDT,,,,,,,,,,,,,,,,,,,,,,,,,,,,,,,,,,,,,,,,,,,,,,,,,,,,,,,,,,,,,,,,,,,,,,,,,,,,,,
2025-08-27T11:54:05+00:00,2025-08-27,TRADE_INTENT_NEW,S20250827-23908,,,BTCUSDT,,,,,,,,,,,,,,,,,,,,,,,,,,,,,,,,,,,,,,,,,,,,,,,,,,,,,,,,,,,,,,,,,,,,,,,,,,,,,,
2025-08-27T11:54:05+00:00,2025-08-27,ANALYSIS_SNAPSHOT,S20250827-23908,,,BTCUSDT,,,,,,,,,,,,,,,,,,,,,,,,,,57.67862490102163,,,,,,,,,,,,,,,,,,,,,,,,,,,,,,,,,,,,,,,live,testnet,0.06131841219631125,"['1m', '5m', '1h']",1.0,,,,,,,,,
2025-08-27T11:54:07+00:00,2025-08-27,TRADE_INTENT_NEW,S20250827-23908,,,ETHUSDT,,,,,,,,,,,,,,,,,,,,,,,,,,,,,,,,,,,,,,,,,,,,,,,,,,,,,,,,,,,,,,,,,,,,,,,,,,,,,,
2025-08-27T11:54:07+00:00,2025-08-27,ANALYSIS_SNAPSHOT,S20250827-23908,,,ETHUSDT,,,,,,,,,,,,,,,,,,,,,,,,,,55.97470894635804,,,,,,,,,,,,,,,,,,,,,,,,,,,,,,,,,,,,,,,live,testnet,0.10369065985011097,"['1m', '5m', '1h']",1.0,,,,,,,,,
2025-08-27T11:54:21+00:00,2025-08-27,TRADE_INTENT_CANCELLED,S20250827-23908,,,BTCUSDT,,,,,,,,,,,,,,,,,,,,,,,,,,,,,,,,,,,,,,,,,,,,,,,,,,,,,,,,,,,,,,,,,,,,,,,,,,,,,,
2025-08-27T11:54:23+00:00,2025-08-27,TRADE_INTENT_CANCELLED,S20250827-23908,,,ETHUSDT,,,,,,,,,,,,,,,,,,,,,,,,,,,,,,,,,,,,,,,,,,,,,,,,,,,,,,,,,,,,,,,,,,,,,,,,,,,,,,
2025-08-27T11:54:37+00:00,2025-08-27,TRADE_INTENT_NEW,S20250827-23908,,,BTCUSDT,,,,,,,,,,,,,,,,,,,,,,,,,,,,,,,,,,,,,,,,,,,,,,,,,,,,,,,,,,,,,,,,,,,,,,,,,,,,,,
2025-08-27T11:54:37+00:00,2025-08-27,ANALYSIS_SNAPSHOT,S20250827-23908,,,BTCUSDT,,,,,,,,,,,,,,,,,,,,,,,,,,57.67862490102163,,,,,,,,,,,,,,,,,,,,,,,,,,,,,,,,,,,,,,,live,testnet,0.029729213251638104,"['1m', '5m', '1h']",1.0,,,,,,,,,
2025-08-27T11:54:40+00:00,2025-08-27,TRADE_INTENT_NEW,S20250827-23908,,,ETHUSDT,,,,,,,,,,,,,,,,,,,,,,,,,,,,,,,,,,,,,,,,,,,,,,,,,,,,,,,,,,,,,,,,,,,,,,,,,,,,,,
2025-08-27T11:54:40+00:00,2025-08-27,ANALYSIS_SNAPSHOT,S20250827-23908,,,ETHUSDT,,,,,,,,,,,,,,,,,,,,,,,,,,55.97470894635804,,,,,,,,,,,,,,,,,,,,,,,,,,,,,,,,,,,,,,,live,testnet,0.05050224885990731,"['1m', '5m', '1h']",1.0,,,,,,,,,
2025-08-27T11:54:53+00:00,2025-08-27,TRADE_INTENT_CANCELLED,S20250827-23908,,,BTCUSDT,,,,,,,,,,,,,,,,,,,,,,,,,,,,,,,,,,,,,,,,,,,,,,,,,,,,,,,,,,,,,,,,,,,,,,,,,,,,,,
2025-08-27T11:54:55+00:00,2025-08-27,TRADE_INTENT_CANCELLED,S20250827-23908,,,ETHUSDT,,,,,,,,,,,,,,,,,,,,,,,,,,,,,,,,,,,,,,,,,,,,,,,,,,,,,,,,,,,,,,,,,,,,,,,,,,,,,,
2025-08-27T11:55:07+00:00,2025-08-27,TRADE_INTENT_NEW,S20250827-23908,,,BTCUSDT,,,,,,,,,,,,,,,,,,,,,,,,,,,,,,,,,,,,,,,,,,,,,,,,,,,,,,,,,,,,,,,,,,,,,,,,,,,,,,
2025-08-27T11:55:07+00:00,2025-08-27,ANALYSIS_SNAPSHOT,S20250827-23908,,,BTCUSDT,,,,,,,,,,,,,,,,,,,,,,,,,,57.67862490102163,,,,,,,,,,,,,,,,,,,,,,,,,,,,,,,,,,,,,,,live,testnet,0.0,"['1m', '5m', '1h']",1.0,,,,,,,,,
2025-08-27T11:55:08+00:00,2025-08-27,TRADE_INTENT_NEW,S20250827-23908,,,ETHUSDT,,,,,,,,,,,,,,,,,,,,,,,,,,,,,,,,,,,,,,,,,,,,,,,,,,,,,,,,,,,,,,,,,,,,,,,,,,,,,,
2025-08-27T11:55:08+00:00,2025-08-27,ANALYSIS_SNAPSHOT,S20250827-23908,,,ETHUSDT,,,,,,,,,,,,,,,,,,,,,,,,,,55.97470894635804,,,,,,,,,,,,,,,,,,,,,,,,,,,,,,,,,,,,,,,live,testnet,0.0,"['1m', '5m', '1h']",1.0,,,,,,,,,
2025-08-27T11:55:22+00:00,2025-08-27,TRADE_INTENT_CANCELLED,S20250827-23908,,,BTCUSDT,,,,,,,,,,,,,,,,,,,,,,,,,,,,,,,,,,,,,,,,,,,,,,,,,,,,,,,,,,,,,,,,,,,,,,,,,,,,,,
2025-08-27T11:55:23+00:00,2025-08-27,TRADE_INTENT_CANCELLED,S20250827-23908,,,ETHUSDT,,,,,,,,,,,,,,,,,,,,,,,,,,,,,,,,,,,,,,,,,,,,,,,,,,,,,,,,,,,,,,,,,,,,,,,,,,,,,,
2025-08-27T11:55:38+00:00,2025-08-27,TRADE_INTENT_NEW,S20250827-23908,,,BTCUSDT,,,,,,,,,,,,,,,,,,,,,,,,,,,,,,,,,,,,,,,,,,,,,,,,,,,,,,,,,,,,,,,,,,,,,,,,,,,,,,
2025-08-27T11:55:38+00:00,2025-08-27,ANALYSIS_SNAPSHOT,S20250827-23908,,,BTCUSDT,,,,,,,,,,,,,,,,,,,,,,,,,,57.67862490102163,,,,,,,,,,,,,,,,,,,,,,,,,,,,,,,,,,,,,,,live,testnet,0.0,"['1m', '5m', '1h']",1.0,,,,,,,,,
2025-08-27T11:55:39+00:00,2025-08-27,TRADE_INTENT_NEW,S20250827-23908,,,ETHUSDT,,,,,,,,,,,,,,,,,,,,,,,,,,,,,,,,,,,,,,,,,,,,,,,,,,,,,,,,,,,,,,,,,,,,,,,,,,,,,,
2025-08-27T11:55:39+00:00,2025-08-27,ANALYSIS_SNAPSHOT,S20250827-23908,,,ETHUSDT,,,,,,,,,,,,,,,,,,,,,,,,,,55.97470894635804,,,,,,,,,,,,,,,,,,,,,,,,,,,,,,,,,,,,,,,live,testnet,0.0,"['1m', '5m', '1h']",1.0,,,,,,,,,
2025-08-27T11:55:53+00:00,2025-08-27,TRADE_INTENT_CANCELLED,S20250827-23908,,,BTCUSDT,,,,,,,,,,,,,,,,,,,,,,,,,,,,,,,,,,,,,,,,,,,,,,,,,,,,,,,,,,,,,,,,,,,,,,,,,,,,,,
2025-08-27T11:55:55+00:00,2025-08-27,TRADE_INTENT_CANCELLED,S20250827-23908,,,ETHUSDT,,,,,,,,,,,,,,,,,,,,,,,,,,,,,,,,,,,,,,,,,,,,,,,,,,,,,,,,,,,,,,,,,,,,,,,,,,,,,,
2025-08-27T11:56:08+00:00,2025-08-27,TRADE_INTENT_NEW,S20250827-23908,,,BTCUSDT,,,,,,,,,,,,,,,,,,,,,,,,,,,,,,,,,,,,,,,,,,,,,,,,,,,,,,,,,,,,,,,,,,,,,,,,,,,,,,
2025-08-27T11:56:08+00:00,2025-08-27,ANALYSIS_SNAPSHOT,S20250827-23908,,,BTCUSDT,,,,,,,,,,,,,,,,,,,,,,,,,,57.67862490102163,,,,,,,,,,,,,,,,,,,,,,,,,,,,,,,,,,,,,,,live,testnet,0.0,"['1m', '5m', '1h']",1.0,,,,,,,,,
2025-08-27T11:56:10+00:00,2025-08-27,TRADE_INTENT_NEW,S20250827-23908,,,ETHUSDT,,,,,,,,,,,,,,,,,,,,,,,,,,,,,,,,,,,,,,,,,,,,,,,,,,,,,,,,,,,,,,,,,,,,,,,,,,,,,,
2025-08-27T11:56:10+00:00,2025-08-27,ANALYSIS_SNAPSHOT,S20250827-23908,,,ETHUSDT,,,,,,,,,,,,,,,,,,,,,,,,,,55.97470894635804,,,,,,,,,,,,,,,,,,,,,,,,,,,,,,,,,,,,,,,live,testnet,0.15305225188370636,"['1m', '5m', '1h']",1.0,,,,,,,,,
2025-08-27T11:56:24+00:00,2025-08-27,TRADE_INTENT_CANCELLED,S20250827-23908,,,BTCUSDT,,,,,,,,,,,,,,,,,,,,,,,,,,,,,,,,,,,,,,,,,,,,,,,,,,,,,,,,,,,,,,,,,,,,,,,,,,,,,,
2025-08-27T11:56:26+00:00,2025-08-27,TRADE_INTENT_CANCELLED,S20250827-23908,,,ETHUSDT,,,,,,,,,,,,,,,,,,,,,,,,,,,,,,,,,,,,,,,,,,,,,,,,,,,,,,,,,,,,,,,,,,,,,,,,,,,,,,
2025-08-27T11:56:39+00:00,2025-08-27,TRADE_INTENT_NEW,S20250827-23908,,,BTCUSDT,,,,,,,,,,,,,,,,,,,,,,,,,,,,,,,,,,,,,,,,,,,,,,,,,,,,,,,,,,,,,,,,,,,,,,,,,,,,,,
2025-08-27T11:56:39+00:00,2025-08-27,ANALYSIS_SNAPSHOT,S20250827-23908,,,BTCUSDT,,,,,,,,,,,,,,,,,,,,,,,,,,57.67862490102163,,,,,,,,,,,,,,,,,,,,,,,,,,,,,,,,,,,,,,,live,testnet,0.05808262995230574,"['1m', '5m', '1h']",1.0,,,,,,,,,
2025-08-27T11:56:41+00:00,2025-08-27,TRADE_INTENT_NEW,S20250827-23908,,,ETHUSDT,,,,,,,,,,,,,,,,,,,,,,,,,,,,,,,,,,,,,,,,,,,,,,,,,,,,,,,,,,,,,,,,,,,,,,,,,,,,,,
2025-08-27T11:56:41+00:00,2025-08-27,ANALYSIS_SNAPSHOT,S20250827-23908,,,ETHUSDT,,,,,,,,,,,,,,,,,,,,,,,,,,55.97470894635804,,,,,,,,,,,,,,,,,,,,,,,,,,,,,,,,,,,,,,,live,testnet,0.03656930427783859,"['1m', '5m', '1h']",1.0,,,,,,,,,
2025-08-27T11:56:55+00:00,2025-08-27,TRADE_INTENT_CANCELLED,S20250827-23908,,,BTCUSDT,,,,,,,,,,,,,,,,,,,,,,,,,,,,,,,,,,,,,,,,,,,,,,,,,,,,,,,,,,,,,,,,,,,,,,,,,,,,,,
2025-08-27T11:56:56+00:00,2025-08-27,TRADE_INTENT_CANCELLED,S20250827-23908,,,ETHUSDT,,,,,,,,,,,,,,,,,,,,,,,,,,,,,,,,,,,,,,,,,,,,,,,,,,,,,,,,,,,,,,,,,,,,,,,,,,,,,,
2025-08-27T11:57:10+00:00,2025-08-27,TRADE_INTENT_NEW,S20250827-23908,,,BTCUSDT,,,,,,,,,,,,,,,,,,,,,,,,,,,,,,,,,,,,,,,,,,,,,,,,,,,,,,,,,,,,,,,,,,,,,,,,,,,,,,
2025-08-27T11:57:10+00:00,2025-08-27,ANALYSIS_SNAPSHOT,S20250827-23908,,,BTCUSDT,,,,,,,,,,,,,,,,,,,,,,,,,,57.67862490102163,,,,,,,,,,,,,,,,,,,,,,,,,,,,,,,,,,,,,,,live,testnet,0.0,"['1m', '5m', '1h']",1.0,,,,,,,,,
2025-08-27T11:57:11+00:00,2025-08-27,TRADE_INTENT_NEW,S20250827-23908,,,ETHUSDT,,,,,,,,,,,,,,,,,,,,,,,,,,,,,,,,,,,,,,,,,,,,,,,,,,,,,,,,,,,,,,,,,,,,,,,,,,,,,,
2025-08-27T11:57:11+00:00,2025-08-27,ANALYSIS_SNAPSHOT,S20250827-23908,,,ETHUSDT,,,,,,,,,,,,,,,,,,,,,,,,,,55.97470894635804,,,,,,,,,,,,,,,,,,,,,,,,,,,,,,,,,,,,,,,live,testnet,0.0,"['1m', '5m', '1h']",1.0,,,,,,,,,
2025-08-27T11:57:25+00:00,2025-08-27,TRADE_INTENT_CANCELLED,S20250827-23908,,,BTCUSDT,,,,,,,,,,,,,,,,,,,,,,,,,,,,,,,,,,,,,,,,,,,,,,,,,,,,,,,,,,,,,,,,,,,,,,,,,,,,,,
2025-08-27T11:57:27+00:00,2025-08-27,TRADE_INTENT_CANCELLED,S20250827-23908,,,ETHUSDT,,,,,,,,,,,,,,,,,,,,,,,,,,,,,,,,,,,,,,,,,,,,,,,,,,,,,,,,,,,,,,,,,,,,,,,,,,,,,,
2025-08-27T11:57:41+00:00,2025-08-27,TRADE_INTENT_NEW,S20250827-23908,,,BTCUSDT,,,,,,,,,,,,,,,,,,,,,,,,,,,,,,,,,,,,,,,,,,,,,,,,,,,,,,,,,,,,,,,,,,,,,,,,,,,,,,
2025-08-27T11:57:41+00:00,2025-08-27,ANALYSIS_SNAPSHOT,S20250827-23908,,,BTCUSDT,,,,,,,,,,,,,,,,,,,,,,,,,,57.67862490102163,,,,,,,,,,,,,,,,,,,,,,,,,,,,,,,,,,,,,,,live,testnet,0.0,"['1m', '5m', '1h']",1.0,,,,,,,,,
2025-08-27T11:57:42+00:00,2025-08-27,TRADE_INTENT_NEW,S20250827-23908,,,ETHUSDT,,,,,,,,,,,,,,,,,,,,,,,,,,,,,,,,,,,,,,,,,,,,,,,,,,,,,,,,,,,,,,,,,,,,,,,,,,,,,,
2025-08-27T11:57:42+00:00,2025-08-27,ANALYSIS_SNAPSHOT,S20250827-23908,,,ETHUSDT,,,,,,,,,,,,,,,,,,,,,,,,,,55.97470894635804,,,,,,,,,,,,,,,,,,,,,,,,,,,,,,,,,,,,,,,live,testnet,0.042850315895994834,"['1m', '5m', '1h']",1.0,,,,,,,,,
2025-08-27T11:57:56+00:00,2025-08-27,TRADE_INTENT_CANCELLED,S20250827-23908,,,BTCUSDT,,,,,,,,,,,,,,,,,,,,,,,,,,,,,,,,,,,,,,,,,,,,,,,,,,,,,,,,,,,,,,,,,,,,,,,,,,,,,,
2025-08-27T12:22:10+00:00,2025-08-27,COMMISSION_FEE,S20250827-17912,,,BTCUSDT,,poll,,,,,,,,,,,,,-1.0644672,,,,,,,,,,,,,,,,,,,,,,,,,,,,,,,,,,,,,,,,,,,,,,,,,,,,,,,,,,,,,,,
2025-08-27T12:22:10+00:00,2025-08-27,FUNDING_FEE,S20250827-17912,,,BTCUSDT,,poll,,,,,,,,,,,,,,,-0.26565119,,,,,,,,,,,,,,,,,,,,,,,,,,,,,,,,,,,,,,,,,,,,,,,,,,,,,,,,,,,,,
2025-08-27T12:22:10+00:00,2025-08-27,COMMISSION_FEE,S20250827-17912,,,BTCUSDT,,poll,,,,,,,,,,,,,-0.04442484,,,,,,,,,,,,,,,,,,,,,,,,,,,,,,,,,,,,,,,,,,,,,,,,,,,,,,,,,,,,,,,
2025-08-27T12:22:10+00:00,2025-08-27,COMMISSION_FEE,S20250827-17912,,,BTCUSDT,,poll,,,,,,,,,,,,,-0.04442444,,,,,,,,,,,,,,,,,,,,,,,,,,,,,,,,,,,,,,,,,,,,,,,,,,,,,,,,,,,,,,,
2025-08-27T12:22:10+00:00,2025-08-27,COMMISSION_FEE,S20250827-17912,,,BTCUSDT,,poll,,,,,,,,,,,,,-0.04442444,,,,,,,,,,,,,,,,,,,,,,,,,,,,,,,,,,,,,,,,,,,,,,,,,,,,,,,,,,,,,,,
2025-08-27T12:22:10+00:00,2025-08-27,COMMISSION_FEE,S20250827-17912,,,BTCUSDT,,poll,,,,,,,,,,,,,-0.04442188,,,,,,,,,,,,,,,,,,,,,,,,,,,,,,,,,,,,,,,,,,,,,,,,,,,,,,,,,,,,,,,
2025-08-27T12:22:10+00:00,2025-08-27,COMMISSION_FEE,S20250827-17912,,,BTCUSDT,,poll,,,,,,,,,,,,,-0.04441808,,,,,,,,,,,,,,,,,,,,,,,,,,,,,,,,,,,,,,,,,,,,,,,,,,,,,,,,,,,,,,,
2025-08-27T12:22:10+00:00,2025-08-27,COMMISSION_FEE,S20250827-17912,,,BTCUSDT,,poll,,,,,,,,,,,,,-0.04441584,,,,,,,,,,,,,,,,,,,,,,,,,,,,,,,,,,,,,,,,,,,,,,,,,,,,,,,,,,,,,,,
2025-08-27T12:22:10+00:00,2025-08-27,COMMISSION_FEE,S20250827-17912,,,BTCUSDT,,poll,,,,,,,,,,,,,-0.7992756,,,,,,,,,,,,,,,,,,,,,,,,,,,,,,,,,,,,,,,,,,,,,,,,,,,,,,,,,,,,,,,
2025-08-27T12:22:13+00:00,2025-08-27,TRADE_INTENT_NEW,S20250827-17912,,,BTCUSDT,,,,,,,,,,,,,,,,,,,,,,,,,,,,,,,,,,,,,,,,,,,,,,,,,,,,,,,,,,,,,,,,,,,,,,,,,,,,,,
2025-08-27T12:25:59+00:00,2025-08-27,COMMISSION_FEE,S20250827-11944,,,BTCUSDT,,poll,,,,,,,,,,,,,-1.0644672,,,,,,,,,,,,,,,,,,,,,,,,,,,,,,,,,,,,,,,,,,,,,,,,,,,,,,,,,,,,,,,
2025-08-27T12:25:59+00:00,2025-08-27,FUNDING_FEE,S20250827-11944,,,BTCUSDT,,poll,,,,,,,,,,,,,,,-0.26565119,,,,,,,,,,,,,,,,,,,,,,,,,,,,,,,,,,,,,,,,,,,,,,,,,,,,,,,,,,,,,
2025-08-27T12:25:59+00:00,2025-08-27,COMMISSION_FEE,S20250827-11944,,,BTCUSDT,,poll,,,,,,,,,,,,,-0.04442484,,,,,,,,,,,,,,,,,,,,,,,,,,,,,,,,,,,,,,,,,,,,,,,,,,,,,,,,,,,,,,,
2025-08-27T12:25:59+00:00,2025-08-27,COMMISSION_FEE,S20250827-11944,,,BTCUSDT,,poll,,,,,,,,,,,,,-0.04442444,,,,,,,,,,,,,,,,,,,,,,,,,,,,,,,,,,,,,,,,,,,,,,,,,,,,,,,,,,,,,,,
2025-08-27T12:25:59+00:00,2025-08-27,COMMISSION_FEE,S20250827-11944,,,BTCUSDT,,poll,,,,,,,,,,,,,-0.04442444,,,,,,,,,,,,,,,,,,,,,,,,,,,,,,,,,,,,,,,,,,,,,,,,,,,,,,,,,,,,,,,
2025-08-27T12:25:59+00:00,2025-08-27,COMMISSION_FEE,S20250827-11944,,,BTCUSDT,,poll,,,,,,,,,,,,,-0.04442188,,,,,,,,,,,,,,,,,,,,,,,,,,,,,,,,,,,,,,,,,,,,,,,,,,,,,,,,,,,,,,,
2025-08-27T12:25:59+00:00,2025-08-27,COMMISSION_FEE,S20250827-11944,,,BTCUSDT,,poll,,,,,,,,,,,,,-0.04441808,,,,,,,,,,,,,,,,,,,,,,,,,,,,,,,,,,,,,,,,,,,,,,,,,,,,,,,,,,,,,,,
2025-08-27T12:25:59+00:00,2025-08-27,COMMISSION_FEE,S20250827-11944,,,BTCUSDT,,poll,,,,,,,,,,,,,-0.04441584,,,,,,,,,,,,,,,,,,,,,,,,,,,,,,,,,,,,,,,,,,,,,,,,,,,,,,,,,,,,,,,
2025-08-27T12:25:59+00:00,2025-08-27,COMMISSION_FEE,S20250827-11944,,,BTCUSDT,,poll,,,,,,,,,,,,,-0.7992756,,,,,,,,,,,,,,,,,,,,,,,,,,,,,,,,,,,,,,,,,,,,,,,,,,,,,,,,,,,,,,,
2025-08-27T12:26:01+00:00,2025-08-27,TRADE_INTENT_NEW,S20250827-11944,,,BTCUSDT,,,,,,,,,,,,,,,,,,,,,,,,,,,,,,,,,,,,,,,,,,,,,,,,,,,,,,,,,,,,,,,,,,,,,,,,,,,,,,
2025-08-27T12:30:57+00:00,2025-08-27,COMMISSION_FEE,S20250827-19624,,,BTCUSDT,,poll,,,,,,,,,,,,,-1.0644672,,,,,,,,,,,,,,,,,,,,,,,,,,,,,,,,,,,,,,,,,,,,,,,,,,,,,,,,,,,,,,,
2025-08-27T12:30:57+00:00,2025-08-27,FUNDING_FEE,S20250827-19624,,,BTCUSDT,,poll,,,,,,,,,,,,,,,-0.26565119,,,,,,,,,,,,,,,,,,,,,,,,,,,,,,,,,,,,,,,,,,,,,,,,,,,,,,,,,,,,,
2025-08-27T12:30:57+00:00,2025-08-27,COMMISSION_FEE,S20250827-19624,,,BTCUSDT,,poll,,,,,,,,,,,,,-0.04442484,,,,,,,,,,,,,,,,,,,,,,,,,,,,,,,,,,,,,,,,,,,,,,,,,,,,,,,,,,,,,,,
2025-08-27T12:30:57+00:00,2025-08-27,COMMISSION_FEE,S20250827-19624,,,BTCUSDT,,poll,,,,,,,,,,,,,-0.04442444,,,,,,,,,,,,,,,,,,,,,,,,,,,,,,,,,,,,,,,,,,,,,,,,,,,,,,,,,,,,,,,
2025-08-27T12:30:57+00:00,2025-08-27,COMMISSION_FEE,S20250827-19624,,,BTCUSDT,,poll,,,,,,,,,,,,,-0.04442444,,,,,,,,,,,,,,,,,,,,,,,,,,,,,,,,,,,,,,,,,,,,,,,,,,,,,,,,,,,,,,,
2025-08-27T12:30:57+00:00,2025-08-27,COMMISSION_FEE,S20250827-19624,,,BTCUSDT,,poll,,,,,,,,,,,,,-0.04442188,,,,,,,,,,,,,,,,,,,,,,,,,,,,,,,,,,,,,,,,,,,,,,,,,,,,,,,,,,,,,,,
2025-08-27T12:30:57+00:00,2025-08-27,COMMISSION_FEE,S20250827-19624,,,BTCUSDT,,poll,,,,,,,,,,,,,-0.04441808,,,,,,,,,,,,,,,,,,,,,,,,,,,,,,,,,,,,,,,,,,,,,,,,,,,,,,,,,,,,,,,
2025-08-27T12:30:57+00:00,2025-08-27,COMMISSION_FEE,S20250827-19624,,,BTCUSDT,,poll,,,,,,,,,,,,,-0.04441584,,,,,,,,,,,,,,,,,,,,,,,,,,,,,,,,,,,,,,,,,,,,,,,,,,,,,,,,,,,,,,,
2025-08-27T12:30:57+00:00,2025-08-27,COMMISSION_FEE,S20250827-19624,,,BTCUSDT,,poll,,,,,,,,,,,,,-0.7992756,,,,,,,,,,,,,,,,,,,,,,,,,,,,,,,,,,,,,,,,,,,,,,,,,,,,,,,,,,,,,,,
2025-08-27T12:30:59+00:00,2025-08-27,TRADE_INTENT_NEW,S20250827-19624,,,BTCUSDT,,,,,,,,,,,,,,,,,,,,,,,,,,,,,,,,,,,,,,,,,,,,,,,,,,,,,,,,,,,,,,,,,,,,,,,,,,,,,,
2025-08-27T21:43:38+09:00,2025-08-27,COMMISSION_FEE,S20250827-20600,,,BTCUSDT,,poll,,,,,,,,,,,,,-1.0644672,,,,,,,,,,,,,,,,,,,,,,,,,,,,,,,,,,,,,,,,,,,,,,,,,,,,,,,,,,,,,,,
2025-08-27T21:43:38+09:00,2025-08-27,FUNDING_FEE,S20250827-20600,,,BTCUSDT,,poll,,,,,,,,,,,,,,,-0.26565119,,,,,,,,,,,,,,,,,,,,,,,,,,,,,,,,,,,,,,,,,,,,,,,,,,,,,,,,,,,,,
2025-08-27T21:43:38+09:00,2025-08-27,COMMISSION_FEE,S20250827-20600,,,BTCUSDT,,poll,,,,,,,,,,,,,-0.04442484,,,,,,,,,,,,,,,,,,,,,,,,,,,,,,,,,,,,,,,,,,,,,,,,,,,,,,,,,,,,,,,
2025-08-27T21:43:38+09:00,2025-08-27,COMMISSION_FEE,S20250827-20600,,,BTCUSDT,,poll,,,,,,,,,,,,,-0.04442444,,,,,,,,,,,,,,,,,,,,,,,,,,,,,,,,,,,,,,,,,,,,,,,,,,,,,,,,,,,,,,,
2025-08-27T21:43:38+09:00,2025-08-27,COMMISSION_FEE,S20250827-20600,,,BTCUSDT,,poll,,,,,,,,,,,,,-0.04442444,,,,,,,,,,,,,,,,,,,,,,,,,,,,,,,,,,,,,,,,,,,,,,,,,,,,,,,,,,,,,,,
2025-08-27T21:43:38+09:00,2025-08-27,COMMISSION_FEE,S20250827-20600,,,BTCUSDT,,poll,,,,,,,,,,,,,-0.04442188,,,,,,,,,,,,,,,,,,,,,,,,,,,,,,,,,,,,,,,,,,,,,,,,,,,,,,,,,,,,,,,
2025-08-27T21:43:38+09:00,2025-08-27,COMMISSION_FEE,S20250827-20600,,,BTCUSDT,,poll,,,,,,,,,,,,,-0.04441808,,,,,,,,,,,,,,,,,,,,,,,,,,,,,,,,,,,,,,,,,,,,,,,,,,,,,,,,,,,,,,,
2025-08-27T21:43:38+09:00,2025-08-27,COMMISSION_FEE,S20250827-20600,,,BTCUSDT,,poll,,,,,,,,,,,,,-0.04441584,,,,,,,,,,,,,,,,,,,,,,,,,,,,,,,,,,,,,,,,,,,,,,,,,,,,,,,,,,,,,,,
2025-08-27T21:43:38+09:00,2025-08-27,COMMISSION_FEE,S20250827-20600,,,BTCUSDT,,poll,,,,,,,,,,,,,-0.7992756,,,,,,,,,,,,,,,,,,,,,,,,,,,,,,,,,,,,,,,,,,,,,,,,,,,,,,,,,,,,,,,
2025-08-27T21:43:41+09:00,2025-08-27,TRADE_INTENT_NEW,S20250827-20600,,,BTCUSDT,,,,,,,,,,,,,,,,,,,,,,,,,,,,,,,,,,,,,,,,,,,,,,,,,,,,,,,,,,,,,,,,,,,,,,,,,,,,,,
2025-08-27T21:50:18+09:00,2025-08-27,COMMISSION_FEE,S20250827-22648,,,BTCUSDT,,poll,,,,,,,,,,,,,-1.0644672,,,,,,,,,,,,,,,,,,,,,,,,,,,,,,,,,,,,,,,,,,,,,,,,,,,,,,,,,,,,,,,
2025-08-27T21:50:18+09:00,2025-08-27,FUNDING_FEE,S20250827-22648,,,BTCUSDT,,poll,,,,,,,,,,,,,,,-0.26565119,,,,,,,,,,,,,,,,,,,,,,,,,,,,,,,,,,,,,,,,,,,,,,,,,,,,,,,,,,,,,
2025-08-27T21:50:18+09:00,2025-08-27,COMMISSION_FEE,S20250827-22648,,,BTCUSDT,,poll,,,,,,,,,,,,,-0.04442484,,,,,,,,,,,,,,,,,,,,,,,,,,,,,,,,,,,,,,,,,,,,,,,,,,,,,,,,,,,,,,,
2025-08-27T21:50:18+09:00,2025-08-27,COMMISSION_FEE,S20250827-22648,,,BTCUSDT,,poll,,,,,,,,,,,,,-0.04442444,,,,,,,,,,,,,,,,,,,,,,,,,,,,,,,,,,,,,,,,,,,,,,,,,,,,,,,,,,,,,,,
2025-08-27T21:50:18+09:00,2025-08-27,COMMISSION_FEE,S20250827-22648,,,BTCUSDT,,poll,,,,,,,,,,,,,-0.04442444,,,,,,,,,,,,,,,,,,,,,,,,,,,,,,,,,,,,,,,,,,,,,,,,,,,,,,,,,,,,,,,
2025-08-27T21:50:18+09:00,2025-08-27,COMMISSION_FEE,S20250827-22648,,,BTCUSDT,,poll,,,,,,,,,,,,,-0.04442188,,,,,,,,,,,,,,,,,,,,,,,,,,,,,,,,,,,,,,,,,,,,,,,,,,,,,,,,,,,,,,,
2025-08-27T21:50:18+09:00,2025-08-27,COMMISSION_FEE,S20250827-22648,,,BTCUSDT,,poll,,,,,,,,,,,,,-0.04441808,,,,,,,,,,,,,,,,,,,,,,,,,,,,,,,,,,,,,,,,,,,,,,,,,,,,,,,,,,,,,,,
2025-08-27T21:50:18+09:00,2025-08-27,COMMISSION_FEE,S20250827-22648,,,BTCUSDT,,poll,,,,,,,,,,,,,-0.04441584,,,,,,,,,,,,,,,,,,,,,,,,,,,,,,,,,,,,,,,,,,,,,,,,,,,,,,,,,,,,,,,
2025-08-27T21:50:18+09:00,2025-08-27,COMMISSION_FEE,S20250827-22648,,,BTCUSDT,,poll,,,,,,,,,,,,,-0.7992756,,,,,,,,,,,,,,,,,,,,,,,,,,,,,,,,,,,,,,,,,,,,,,,,,,,,,,,,,,,,,,,
2025-08-27T21:50:21+09:00,2025-08-27,TRADE_INTENT_NEW,S20250827-22648,,,BTCUSDT,,,,,,,,,,,,,,,,,,,,,,,,,,,,,,,,,,,,,,,,,,,,,,,,,,,,,,,,,,,,,,,,,,,,,,,,,,,,,,
2025-08-27T22:04:08+09:00,2025-08-27,COMMISSION_FEE,S20250827-28168,,,BTCUSDT,,poll,,,,,,,,,,,,,-1.0644672,,,,,,,,,,,,,,,,,,,,,,,,,,,,,,,,,,,,,,,,,,,,,,,,,,,,,,,,,,,,,,,
2025-08-27T22:04:08+09:00,2025-08-27,FUNDING_FEE,S20250827-28168,,,BTCUSDT,,poll,,,,,,,,,,,,,,,-0.26565119,,,,,,,,,,,,,,,,,,,,,,,,,,,,,,,,,,,,,,,,,,,,,,,,,,,,,,,,,,,,,
2025-08-27T22:04:08+09:00,2025-08-27,COMMISSION_FEE,S20250827-28168,,,BTCUSDT,,poll,,,,,,,,,,,,,-0.04442484,,,,,,,,,,,,,,,,,,,,,,,,,,,,,,,,,,,,,,,,,,,,,,,,,,,,,,,,,,,,,,,
2025-08-27T22:04:08+09:00,2025-08-27,COMMISSION_FEE,S20250827-28168,,,BTCUSDT,,poll,,,,,,,,,,,,,-0.04442444,,,,,,,,,,,,,,,,,,,,,,,,,,,,,,,,,,,,,,,,,,,,,,,,,,,,,,,,,,,,,,,
2025-08-27T22:04:08+09:00,2025-08-27,COMMISSION_FEE,S20250827-28168,,,BTCUSDT,,poll,,,,,,,,,,,,,-0.04442444,,,,,,,,,,,,,,,,,,,,,,,,,,,,,,,,,,,,,,,,,,,,,,,,,,,,,,,,,,,,,,,
2025-08-27T22:04:08+09:00,2025-08-27,COMMISSION_FEE,S20250827-28168,,,BTCUSDT,,poll,,,,,,,,,,,,,-0.04442188,,,,,,,,,,,,,,,,,,,,,,,,,,,,,,,,,,,,,,,,,,,,,,,,,,,,,,,,,,,,,,,
2025-08-27T22:04:08+09:00,2025-08-27,COMMISSION_FEE,S20250827-28168,,,BTCUSDT,,poll,,,,,,,,,,,,,-0.04441808,,,,,,,,,,,,,,,,,,,,,,,,,,,,,,,,,,,,,,,,,,,,,,,,,,,,,,,,,,,,,,,
2025-08-27T22:04:08+09:00,2025-08-27,COMMISSION_FEE,S20250827-28168,,,BTCUSDT,,poll,,,,,,,,,,,,,-0.04441584,,,,,,,,,,,,,,,,,,,,,,,,,,,,,,,,,,,,,,,,,,,,,,,,,,,,,,,,,,,,,,,
2025-08-27T22:04:08+09:00,2025-08-27,COMMISSION_FEE,S20250827-28168,,,BTCUSDT,,poll,,,,,,,,,,,,,-0.7992756,,,,,,,,,,,,,,,,,,,,,,,,,,,,,,,,,,,,,,,,,,,,,,,,,,,,,,,,,,,,,,,
2025-08-27T22:04:10+09:00,2025-08-27,TRADE_INTENT_NEW,S20250827-28168,,,BTCUSDT,,,,,,,,,,,,,,,,,,,,,,,,,,,,,,,,,,,,,,,,,,,,,,,,,,,,,,,,,,,,,,,,,,,,,,,,,,,,,,
